Time,0,1,2,3,4,5,6,7,8,9,10,11,12,13,14,15,16,17,18,19,20,21,22,23,24,25,26,27,28,29,30,31,32,33,34,35,36,37,38,39,40,41,42,43,44,45,46,47,48,49,50,51,52,53,54,55,56,57,58,59,60,61,62,63,64,65,66,67,68,69,70,71,72,73,74,75,76,77,78,79,80,81,82,83,84,85,86,87,88,89,90,91,92,93,94,95,96,97,98,99,100,101,102,103,104,105,106,107,108,109,110,111,112,113,114,115,116,117,118,119,120,121,122,123,124,125,126,127,128,129,130,131,132,133,134,135,136,137,138,139,140,141,142,143,144,145,146,147,148,149,150,151,152,153,154,155,156,157,158,159,160,161,162,163,164,165,166,167,168,169,170,171,172,173,174,175,176,177,178,179,180,181,182,183,184,185,186,187,188,189,190,191,192,193,194,195,196,197,198,199,200
CC G1,"0,125","0,135252","0,147722","0,163209","0,182827","0,208133","0,241299","0,285354","0,344521","0,424671","0,533954","0,683624","0,88915","1,17161","1,55941","2,09019","2,81268","3,78786","5,08826","6,79366","8,98103","11,7069","14,9831","18,7512","22,8663","27,1028","31,187","34,848","37,8685","40,1161","41,5504","42,2082","42,1786","41,5778","40,5294","39,1501","37,5429","35,7939","33,9722","32,1315","30,3118","28,5423","26,8431","25,2275","23,7032","22,2742","20,9412","19,7029","18,5567","17,4987","16,5246","15,6296","14,809","14,0579","13,3715","12,7453","12,1751","11,6568","11,1866","10,761","10,3768","10,0311","9,72107","9,44428","9,19847","8,98157","8,7917","8,62718","8,48645","8,3681","8,27086","8,19355","8,1351","8,09453","8,07091","8,0634","8,07118","8,09351","8,12963","8,17883","8,24042","8,31369","8,39793","8,49244","8,59648","8,70931","8,83015","8,9582","9,09265","9,23265","9,37731","9,52576","9,67708","9,83034","9,98462","10,139","10,2926","10,4444","10,5936","10,7395","10,8811","11,0178","11,1488","11,2736","11,3916","11,5024","11,6055","11,7007","11,7877","11,8663","11,9366","11,9985","12,0521","12,0975","12,1349","12,1646","12,1869","12,2021","12,2106","12,2128","12,2091","12,2","12,1859","12,1673","12,1447","12,1184","12,089","12,0569","12,0225","11,9861","11,9483","11,9093","11,8696","11,8294","11,789","11,7488","11,7089","11,6696","11,6312","11,5938","11,5576","11,5227","11,4892","11,4574","11,4272","11,3988","11,3721","11,3473","11,3244","11,3034","11,2842","11,267","11,2516","11,2381","11,2263","11,2163","11,2081","11,2014","11,1963","11,1928","11,1906","11,1898","11,1903","11,1919","11,1946","11,1984","11,2031","11,2085","11,2148","11,2217","11,2291","11,2371","11,2454","11,2541","11,263","11,2721","11,2813","11,2906","11,2998","11,309","11,318","11,3268","11,3355","11,3438","11,3519","11,3596","11,3669","11,3739","11,3804","11,3865","11,3922","11,3975","11,4023","11,4066","11,4105","11,414","11,417","11,4195","11,4217","11,4234","11,4248"
CC G2,0,"0,00373916","0,00902906","0,0164965","0,0270196","0,0418275","0,0626395","0,0918565","0,132826","0,190202","0,270434","0,382408","0,538289","0,754546","1,05316","1,46287","2,02008","2,76889","3,75906","5,04054","6,65295","8,60969","10,8793","13,3707","15,9331","18,3762","20,509","22,1816","23,3122","23,8919","23,9695","23,6286","22,965","22,072","21,0305","19,9063","18,7502","17,5993","16,4795","15,4083","14,3963","13,4493","12,5697","11,7573","11,0104","10,3261","9,701","9,13135","8,61324","8,1428","7,7163","7,33018","6,98113","6,66604","6,38207","6,12661","5,89731","5,69199","5,50871","5,34572","5,20142","5,0744","4,96337","4,86719","4,78481","4,71531","4,65786","4,61169","4,57613","4,55055","4,5344","4,52714","4,52831","4,53746","4,55415","4,57799","4,60858","4,64554","4,6885","4,73707","4,79088","4,84952","4,9126","4,97971","5,05042","5,12428","5,20084","5,27964","5,36018","5,44199","5,52456","5,60738","5,68996","5,77181","5,85242","5,93134","6,00811","6,08231","6,15352","6,2214","6,28562","6,34588","6,40196","6,45364","6,50079","6,5433","6,5811","6,61419","6,6426","6,6664","6,68568","6,7006","6,71132","6,71803","6,72096","6,72033","6,7164","6,70942","6,69966","6,6874","6,67289","6,6564","6,6382","6,61855","6,59767","6,57582","6,55322","6,53008","6,50659","6,48294","6,45931","6,43585","6,41271","6,39001","6,36788","6,34642","6,32571","6,30584","6,28688","6,26888","6,25189","6,23595","6,22108","6,2073","6,19463","6,18306","6,1726","6,16323","6,15494","6,14771","6,14151","6,13631","6,13207","6,12877","6,12635","6,12478","6,12401","6,12399","6,12468","6,12602","6,12797","6,13048","6,13348","6,13694","6,1408","6,14501","6,14952","6,15429","6,15927","6,16442","6,16969","6,17503","6,18042","6,18582","6,19118","6,19648","6,2017","6,20679","6,21173","6,21651","6,22111","6,22549","6,22966","6,2336","6,23729","6,24073","6,24392","6,24684","6,2495","6,2519","6,25403","6,25591","6,25753","6,2589","6,26003","6,26093","6,26161","6,26208","6,26234","6,26241","6,2623"
CC G3,0,"0,00153118","0,00377399","0,00701879","0,0116724","0,0183044","0,0277114","0,0410058","0,0597378","0,0860618","0,12296","0,174537","0,246401","0,346122","0,483767","0,67241","0,928477","1,27158","1,72335","2,30456","3,02991","3,90058","4,89593","5,9681","7,04401","8,03728","8,86713","9,4766","9,84209","9,97196","9,89732","9,66062","9,30612","8,87389","8,39704","7,90115","7,40496","6,92148","6,45925","6,02347","5,61686","5,24047","4,89414","4,57694","4,28748","4,02409","3,78496","3,56825","3,37217","3,195","3,03511","2,891","2,76127","2,64466","2,54002","2,4463","2,36256","2,28796","2,22174","2,16321","2,11178","2,06689","2,02806","1,99485","1,96688","1,9438","1,92529","1,91106","1,90087","1,89449","1,89169","1,89229","1,8961","1,90294","1,91267","1,92511","1,94011","1,95752","1,9772","1,99897","2,0227","2,04821","2,07533","2,10391","2,13375","2,16468","2,1965","2,22903","2,26205","2,29538","2,3288","2,36211","2,39511","2,4276","2,45939","2,4903","2,52014","2,54876","2,57601","2,60175","2,62587","2,64826","2,66886","2,68759","2,70443","2,71933","2,73231","2,74337","2,75254","2,75987","2,76543","2,76927","2,77149","2,77217","2,77142","2,76933","2,76602","2,76159","2,75616","2,74984","2,74274","2,73496","2,72662","2,71781","2,70863","2,69917","2,68952","2,67975","2,66995","2,66018","2,6505","2,64098","2,63167","2,6226","2,61383","2,60539","2,5973","2,5896","2,58231","2,57544","2,56901","2,56303","2,5575","2,55243","2,54782","2,54366","2,53995","2,53668","2,53385","2,53144","2,52943","2,52782","2,52659","2,52571","2,52518","2,52497","2,52506","2,52544","2,52608","2,52696","2,52807","2,52937","2,53085","2,53249","2,53427","2,53617","2,53816","2,54024","2,54238","2,54456","2,54677","2,54899","2,55121","2,55341","2,55558","2,55772","2,55979","2,56181","2,56375","2,56562","2,5674","2,56908","2,57067","2,57216","2,57354","2,57482","2,57599","2,57705","2,578","2,57884","2,57958","2,58021","2,58074","2,58118","2,58152","2,58177","2,58193","2,58201","2,58201","2,58194","2,58181"
CC G4,0,"0,000765588","0,001887","0,0035094","0,00583621","0,00915222","0,0138557","0,0205029","0,0298689","0,0430309","0,06148","0,0872687","0,1232","0,173061","0,241883","0,336205","0,464238","0,63579","0,861675","1,15228","1,51496","1,95029","2,44797","2,98405","3,52201","4,01864","4,43357","4,7383","4,92105","4,98598","4,94866","4,83031","4,65306","4,43694","4,19852","3,95058","3,70248","3,46074","3,22963","3,01173","2,80843","2,62024","2,44707","2,28847","2,14374","2,01204","1,89248","1,78413","1,68609","1,5975","1,51756","1,4455","1,38063","1,32233","1,27001","1,22315","1,18128","1,14398","1,11087","1,08161","1,05589","1,03344","1,01403","0,997427","0,983442","0,971899","0,962643","0,955532","0,950437","0,947244","0,945846","0,946145","0,948049","0,951472","0,956333","0,962553","0,970055","0,978762","0,988599","0,999487","1,01135","1,0241","1,03767","1,05195","1,06688","1,08234","1,09825","1,11451","1,13103","1,14769","1,1644","1,18105","1,19756","1,2138","1,2297","1,24515","1,26007","1,27438","1,288","1,30087","1,31293","1,32413","1,33443","1,3438","1,35221","1,35967","1,36615","1,37168","1,37627","1,37994","1,38271","1,38464","1,38574","1,38609","1,38571","1,38466","1,38301","1,38079","1,37808","1,37492","1,37137","1,36748","1,36331","1,3589","1,35431","1,34958","1,34476","1,33988","1,33497","1,33009","1,32525","1,32049","1,31583","1,3113","1,30691","1,30269","1,29865","1,2948","1,29115","1,28772","1,28451","1,28151","1,27875","1,27622","1,27391","1,27183","1,26998","1,26834","1,26693","1,26572","1,26472","1,26391","1,26329","1,26286","1,26259","1,26249","1,26253","1,26272","1,26304","1,26348","1,26403","1,26468","1,26543","1,26625","1,26714","1,26808","1,26908","1,27012","1,27119","1,27228","1,27338","1,2745","1,2756","1,27671","1,27779","1,27886","1,2799","1,28091","1,28188","1,28281","1,2837","1,28454","1,28534","1,28608","1,28677","1,28741","1,28799","1,28852","1,289","1,28942","1,28979","1,29011","1,29037","1,29059","1,29076","1,29088","1,29096","1,291","1,29101","1,29097","1,2909"
CVS G1,0,"0,00257388","0,00532072","0,00828852","0,0115431","0,0151752","0,0193103","0,0241225","0,0298538","0,0368403","0,0455491","0,056629","0,0709783","0,0898372","0,114908","0,148511","0,193773","0,254844","0,337119","0,447404","0,593945","0,786183","1,03409","1,34701","1,73211","2,19269","2,727","3,32781","3,98315","4,67779","5,3951","6,11877","6,83414","7,52888","8,19332","8,82037","9,40527","9,94523","10,439","10,8867","11,2893","11,6483","11,9658","12,2442","12,486","12,6937","12,87","13,0174","13,1382","13,2349","13,3095","13,3642","13,4007","13,4211","13,4267","13,4193","13,4002","13,3707","13,3321","13,2853","13,2314","13,1714","13,1061","13,0362","12,9626","12,8859","12,8066","12,7255","12,6429","12,5594","12,4754","12,3913","12,3076","12,2245","12,1425","12,0618","11,9827","11,9054","11,8303","11,7574","11,6872","11,6196","11,555","11,4934","11,435","11,3799","11,3282","11,28","11,2354","11,1943","11,1569","11,1231","11,093","11,0665","11,0435","11,0241","11,0081","10,9954","10,986","10,9797","10,9764","10,9758","10,978","10,9826","10,9896","10,9986","11,0096","11,0224","11,0367","11,0524","11,0692","11,087","11,1056","11,1248","11,1445","11,1644","11,1844","11,2044","11,2243","11,2438","11,263","11,2817","11,2997","11,3171","11,3337","11,3495","11,3644","11,3785","11,3916","11,4037","11,4149","11,425","11,4342","11,4425","11,4497","11,456","11,4614","11,4659","11,4696","11,4724","11,4745","11,4758","11,4763","11,4763","11,4756","11,4744","11,4726","11,4704","11,4677","11,4646","11,4613","11,4576","11,4536","11,4495","11,4452","11,4408","11,4362","11,4317","11,427","11,4224","11,4179","11,4134","11,4089","11,4046","11,4004","11,3964","11,3925","11,3888","11,3853","11,382","11,3789","11,376","11,3733","11,3709","11,3687","11,3667","11,3649","11,3633","11,362","11,3608","11,3599","11,3592","11,3586","11,3582","11,358","11,358","11,3581","11,3583","11,3587","11,3592","11,3598","11,3605","11,3613","11,3621","11,363","11,364","11,365","11,3661","11,3672","11,3683","11,3694"
CVS G2,0,"3,4999E-05","0,000157882","0,000403493","0,000820756","0,00147831","0,00247237","0,00393769","0,0060628","0,00911106","0,0134497","0,0195894","0,0282375","0,0403695","0,0573202","0,0808981","0,113521","0,158355","0,219443","0,301743","0,411026","0,553504","0,735112","0,960471","1,2317","1,54744","1,90251","2,28841","2,69447","3,10937","3,52243","3,92454","4,30856","4,66942","5,00386","5,31013","5,58768","5,83685","6,05857","6,25419","6,4253","6,57362","6,70092","6,80894","6,8994","6,97391","7,03398","7,08104","7,11641","7,14131","7,15683","7,16401","7,16377","7,15697","7,14438","7,1267","7,10458","7,0786","7,04929","7,01713","6,98257","6,94601","6,90782","6,86834","6,82788","6,78671","6,7451","6,7033","6,66151","6,61995","6,57879","6,53823","6,4984","6,45947","6,42156","6,38481","6,34933","6,31522","6,28257","6,25148","6,22202","6,19426","6,16825","6,14404","6,12169","6,1012","6,08261","6,06593","6,05116","6,03829","6,0273","6,01817","6,01086","6,00532","6,0015","5,99933","5,99875","5,99968","6,00203","6,00571","6,01062","6,01667","6,02376","6,03177","6,0406","6,05014","6,06029","6,07094","6,08198","6,09333","6,10487","6,11653","6,12821","6,13983","6,15131","6,16259","6,1736","6,18429","6,19459","6,20447","6,2139","6,22282","6,23123","6,2391","6,24641","6,25315","6,25931","6,2649","6,26992","6,27437","6,27827","6,28162","6,28444","6,28676","6,28858","6,28993","6,29085","6,29134","6,29143","6,29116","6,29055","6,28963","6,28841","6,28694","6,28524","6,28333","6,28124","6,27899","6,27661","6,27413","6,27156","6,26894","6,26627","6,26357","6,26088","6,2582","6,25555","6,25294","6,25039","6,24792","6,24552","6,24322","6,24101","6,23892","6,23694","6,23507","6,23334","6,23172","6,23024","6,22888","6,22766","6,22657","6,2256","6,22476","6,22404","6,22344","6,22296","6,22259","6,22233","6,22216","6,2221","6,22212","6,22223","6,22242","6,22268","6,223","6,22338","6,22382","6,2243","6,22483","6,22538","6,22597","6,22658","6,22721","6,22785","6,22849","6,22914","6,22979","6,23043","6,23106","6,23168"
CVS G3,0,"1,42277E-05","6,51603E-05","0,000168885","0,000348012","0,000634289","0,00107224","0,00172426","0,00267762","0,00405428","0,00602423","0,00882373","0,0127799","0,0183431","0,0261284","0,0369675","0,0519672","0,0725704","0,100603","0,13828","0,188137","0,252826","0,334769","0,435664","0,555965","0,694512","0,848478","1,01371","1,18532","1,35839","1,52851","1,69211","1,84653","1,99005","2,12167","2,24102","2,34816","2,44345","2,52749","2,60097","2,66465","2,71932","2,76576","2,8047","2,83687","2,86294","2,88352","2,89918","2,91045","2,9178","2,92168","2,92246","2,92053","2,9162","2,90976","2,90149","2,89163","2,8804","2,868","2,85461","2,84039","2,82551","2,81009","2,79427","2,77815","2,76185","2,74546","2,72907","2,71277","2,69662","2,68071","2,66508","2,64981","2,63495","2,62055","2,60665","2,5933","2,58054","2,56839","2,5569","2,54608","2,53597","2,52658","2,51792","2,51002","2,50288","2,49649","2,49088","2,48602","2,48191","2,47855","2,47592","2,47399","2,47276","2,47218","2,47223","2,47289","2,47411","2,47586","2,4781","2,48079","2,48389","2,48736","2,49114","2,4952","2,49949","2,50398","2,50861","2,51336","2,51817","2,52301","2,52785","2,53266","2,5374","2,54204","2,54656","2,55094","2,55516","2,55919","2,56303","2,56666","2,57007","2,57326","2,57621","2,57892","2,58139","2,58363","2,58563","2,5874","2,58893","2,59025","2,59135","2,59224","2,59293","2,59343","2,59375","2,5939","2,59389","2,59373","2,59343","2,59301","2,59248","2,59184","2,59111","2,59029","2,58941","2,58847","2,58747","2,58644","2,58537","2,58429","2,58318","2,58207","2,58097","2,57987","2,57878","2,57771","2,57668","2,57567","2,57469","2,57376","2,57287","2,57202","2,57122","2,57047","2,56977","2,56913","2,56853","2,568","2,56751","2,56708","2,5667","2,56637","2,56609","2,56586","2,56568","2,56554","2,56545","2,5654","2,56538","2,5654","2,56546","2,56555","2,56566","2,56581","2,56597","2,56616","2,56637","2,56659","2,56682","2,56707","2,56732","2,56758","2,56785","2,56811","2,56838","2,56865","2,56891","2,56917","2,56943","2,56967"
CVS G4,0,"7,11387E-06","3,25801E-05","8,44424E-05","0,000174006","0,000317145","0,000536121","0,000862128","0,00133881","0,00202714","0,00301211","0,00441187","0,00638995","0,00917153","0,0130642","0,0184838","0,0259836","0,0362852","0,0503014","0,0691401","0,0940683","0,126413","0,167385","0,217832","0,277983","0,347256","0,424239","0,506853","0,592659","0,679196","0,764257","0,846053","0,923266","0,995023","1,06083","1,12051","1,17408","1,22173","1,26375","1,30049","1,33233","1,35966","1,38288","1,40235","1,41844","1,43147","1,44176","1,44959","1,45522","1,4589","1,46084","1,46123","1,46027","1,4581","1,45488","1,45075","1,44582","1,4402","1,434","1,4273","1,4202","1,41276","1,40505","1,39713","1,38908","1,38093","1,37273","1,36454","1,35638","1,34831","1,34035","1,33254","1,32491","1,31748","1,31027","1,30333","1,29665","1,29027","1,2842","1,27845","1,27304","1,26798","1,26329","1,25896","1,25501","1,25144","1,24825","1,24544","1,24301","1,24096","1,23928","1,23796","1,237","1,23638","1,23609","1,23612","1,23644","1,23706","1,23793","1,23905","1,2404","1,24195","1,24368","1,24557","1,2476","1,24975","1,25199","1,25431","1,25668","1,25908","1,26151","1,26393","1,26633","1,2687","1,27102","1,27328","1,27547","1,27758","1,2796","1,28152","1,28333","1,28504","1,28663","1,2881","1,28946","1,2907","1,29182","1,29282","1,2937","1,29447","1,29512","1,29567","1,29612","1,29646","1,29671","1,29687","1,29695","1,29694","1,29686","1,29672","1,29651","1,29624","1,29592","1,29555","1,29515","1,29471","1,29423","1,29374","1,29322","1,29269","1,29214","1,29159","1,29104","1,29048","1,28993","1,28939","1,28886","1,28834","1,28783","1,28735","1,28688","1,28643","1,28601","1,28561","1,28524","1,28489","1,28456","1,28427","1,284","1,28376","1,28354","1,28335","1,28318","1,28305","1,28293","1,28284","1,28277","1,28272","1,2827","1,28269","1,2827","1,28273","1,28277","1,28283","1,2829","1,28299","1,28308","1,28318","1,28329","1,28341","1,28353","1,28366","1,28379","1,28392","1,28406","1,28419","1,28432","1,28446","1,28459","1,28471","1,28484"
CI G1,"0,1998","0,225247","0,2583","0,301886","0,360093","0,438627","0,545451","0,691653","0,892636","1,16972","1,55228","2,08046","2,80861","3,80915","5,17658","7,03028","9,51382","12,7868","17,0033","22,27","28,5813","35,7402","43,2939","50,5358","56,6173","60,7634","62,5055","61,8122","59,0541","54,8407","49,8279","44,5774","39,4927","34,8182","30,6705","27,0776","24,0149","21,43","19,2607","17,4442","15,9227","14,6457","13,5702","12,6605","11,8871","11,2264","10,6591","10,1695","9,74532","9,37642","9,05474","8,77377","8,52823","8,31387","8,12721","7,96541","7,82616","7,70754","7,60798","7,52615","7,46097","7,41151","7,37699","7,35675","7,35022","7,35689","7,37632","7,40812","7,45192","7,50738","7,57414","7,65189","7,74027","7,83893","7,94749","8,06554","8,19262","8,32825","8,47188","8,62294","8,78077","8,94468","9,1139","9,28761","9,46496","9,64501","9,82681","10,0093","10,1916","10,3725","10,551","10,726","10,8966","11,0618","11,2205","11,372","11,5153","11,6499","11,7751","11,8903","11,9952","12,0894","12,1729","12,2455","12,3072","12,3583","12,399","12,4296","12,4505","12,4622","12,4653","12,4603","12,4478","12,4285","12,4031","12,3721","12,3363","12,2964","12,2528","12,2063","12,1574","12,1067","12,0546","12,0017","11,9484","11,8952","11,8423","11,7901","11,7389","11,689","11,6407","11,5941","11,5493","11,5067","11,4662","11,4279","11,3921","11,3586","11,3276","11,299","11,2729","11,2492","11,228","11,2091","11,1926","11,1784","11,1663","11,1564","11,1486","11,1427","11,1387","11,1365","11,136","11,137","11,1395","11,1433","11,1484","11,1546","11,1618","11,17","11,1789","11,1886","11,1988","11,2095","11,2207","11,2321","11,2438","11,2556","11,2674","11,2792","11,2909","11,3024","11,3136","11,3246","11,3352","11,3455","11,3553","11,3646","11,3735","11,3818","11,3895","11,3967","11,4034","11,4094","11,4149","11,4198","11,4242","11,4279","11,4311","11,4338","11,436","11,4376","11,4388","11,4395","11,4398","11,4397","11,4393","11,4384","11,4373","11,4359","11,4342"
CI G2,"0,025","0,0391554","0,0590775","0,0870849","0,126421","0,18162","0,259005","0,367379","0,518955","0,730604","1,02547","1,43504","2,00154","2,78056","3,84322","5,27668","7,18065","9,65625","12,7824","16,5759","20,9367","25,5941","30,0872","33,822","36,2209","36,9172","35,8894","33,4529","30,1212","26,4265","22,7912","19,4813","16,6212","14,2353","12,2905","10,7274","9,48048","8,48825","7,69758","7,06485","6,55529","6,14168","5,803","5,52313","5,28977","5,09352","4,92725","4,7855","4,66412","4,55991","4,47043","4,39377","4,32849","4,27343","4,2277","4,19058","4,16153","4,14007","4,12585","4,11856","4,11796","4,12382","4,13597","4,15424","4,17848","4,20855","4,24432","4,28563","4,33236","4,38435","4,44143","4,50343","4,57014","4,64134","4,7168","4,79622","4,87931","4,96574","5,05513","5,1471","5,2412","5,33697","5,43392","5,53154","5,62929","5,7266","5,82291","5,91765","6,01025","6,10014","6,18679","6,26967","6,34832","6,42229","6,49119","6,55469","6,61252","6,66446","6,71038","6,75019","6,78389","6,81153","6,83323","6,84914","6,85951","6,86459","6,86469","6,86014","6,8513","6,83855","6,82229","6,80289","6,78076","6,75628","6,72982","6,70175","6,67241","6,64213","6,61121","6,57993","6,54856","6,51732","6,48644","6,45611","6,42648","6,39772","6,36996","6,34329","6,31782","6,29362","6,27075","6,24926","6,22919","6,21055","6,19335","6,17761","6,16331","6,15043","6,13896","6,12887","6,12012","6,11267","6,10648","6,1015","6,09768","6,09496","6,0933","6,09262","6,09288","6,094","6,09594","6,09861","6,10197","6,10594","6,11046","6,11548","6,12093","6,12675","6,13287","6,13926","6,14584","6,15257","6,1594","6,16627","6,17315","6,17998","6,18673","6,19336","6,19983","6,20612","6,2122","6,21803","6,22361","6,2289","6,23389","6,23858","6,24294","6,24697","6,25067","6,25403","6,25705","6,25974","6,2621","6,26413","6,26584","6,26724","6,26835","6,26917","6,26972","6,27002","6,27007","6,26989","6,2695","6,26891","6,26815","6,26723","6,26616","6,26496","6,26365","6,26225","6,26076"
CI G3,"0,01","0,016303","0,02527","0,0379759","0,0559242","0,0812155","0,11678","0,166693","0,236606","0,334315","0,470501","0,659649","0,921126","1,28029","1,7693","2,42708","3,29716","4,42175","5,82987","7,51798","9,42493","11,4096","13,2485","14,6712","15,4376","15,4256","14,6792","13,3849","11,7942","10,1409","8,59208","7,23847","6,11002","5,19849","4,47683","3,91203","3,47222","3,12977","2,86213","2,65156","2,48442","2,35036","2,24163","2,15243","2,07843","2,01643","1,96404","1,91948","1,8814","1,84883","1,82102","1,79739","1,77753","1,76111","1,74789","1,73766","1,73028","1,72563","1,72361","1,72414","1,72717","1,73263","1,74047","1,75064","1,7631","1,7778","1,7947","1,81374","1,83487","1,85803","1,88315","1,91014","1,93894","1,96944","2,00153","2,03509","2,06999","2,10608","2,1432","2,18119","2,21984","2,25898","2,29837","2,33782","2,37709","2,41594","2,45416","2,49149","2,52773","2,56263","2,596","2,62763","2,65735","2,68499","2,71041","2,73351","2,7542","2,77241","2,78812","2,80133","2,81205","2,82033","2,82625","2,8299","2,83139","2,83085","2,82842","2,82425","2,8185","2,81134","2,80292","2,7934","2,78296","2,77174","2,7599","2,74758","2,73491","2,72201","2,70901","2,696","2,68309","2,67035","2,65787","2,64572","2,63395","2,62261","2,61174","2,60139","2,59157","2,58232","2,57365","2,56557","2,55808","2,5512","2,54492","2,53923","2,53413","2,52961","2,52565","2,52224","2,51935","2,51698","2,51511","2,5137","2,51274","2,5122","2,51206","2,5123","2,51288","2,51378","2,51499","2,51646","2,51817","2,52011","2,52224","2,52454","2,52698","2,52954","2,5322","2,53493","2,53772","2,54054","2,54337","2,54619","2,549","2,55176","2,55447","2,55712","2,55968","2,56215","2,56452","2,56677","2,56891","2,57093","2,57282","2,57457","2,57618","2,57766","2,579","2,5802","2,58126","2,58219","2,58298","2,58364","2,58418","2,5846","2,5849","2,58509","2,58517","2,58516","2,58506","2,58487","2,5846","2,58426","2,58386","2,5834","2,58289","2,58234","2,58175","2,58112","2,58047"
CI G4,"0,005","0,00815148","0,012635","0,018988","0,0279621","0,0406077","0,0583898","0,0833463","0,118303","0,167158","0,23525","0,329824","0,460563","0,640143","0,88465","1,21354","1,64858","2,21088","2,91493","3,75899","4,71246","5,70481","6,62423","7,3356","7,71881","7,71281","7,33959","6,69243","5,89708","5,07045","4,29604","3,61923","3,05501","2,59924","2,23841","1,95601","1,73611","1,56489","1,43107","1,32578","1,24221","1,17518","1,12081","1,07621","1,03922","1,00822","0,982022","0,959738","0,940702","0,924417","0,910509","0,898696","0,888766","0,880557","0,873943","0,868829","0,865138","0,862813","0,861804","0,862072","0,863585","0,866314","0,870234","0,87532","0,881551","0,888902","0,897351","0,906871","0,917436","0,929015","0,941573","0,955072","0,96947","0,984718","1,00076","1,01754","1,03499","1,05304","1,0716","1,09059","1,10992","1,12949","1,14919","1,16891","1,18854","1,20797","1,22708","1,24575","1,26386","1,28132","1,298","1,31381","1,32867","1,34249","1,35521","1,36676","1,3771","1,38621","1,39406","1,40066","1,40602","1,41017","1,41313","1,41495","1,4157","1,41543","1,41421","1,41213","1,40925","1,40567","1,40146","1,3967","1,39148","1,38587","1,37995","1,37379","1,36745","1,36101","1,3545","1,348","1,34154","1,33518","1,32894","1,32286","1,31697","1,3113","1,30587","1,30069","1,29579","1,29116","1,28682","1,28278","1,27904","1,2756","1,27246","1,26962","1,26707","1,2648","1,26282","1,26112","1,25968","1,25849","1,25755","1,25685","1,25637","1,2561","1,25603","1,25615","1,25644","1,25689","1,25749","1,25823","1,25909","1,26006","1,26112","1,26227","1,26349","1,26477","1,2661","1,26747","1,26886","1,27027","1,27168","1,2731","1,2745","1,27588","1,27724","1,27856","1,27984","1,28107","1,28226","1,28339","1,28446","1,28547","1,28641","1,28728","1,28809","1,28883","1,2895","1,2901","1,29063","1,29109","1,29149","1,29182","1,29209","1,2923","1,29245","1,29254","1,29259","1,29258","1,29253","1,29243","1,2923","1,29213","1,29193","1,2917","1,29145","1,29117","1,29087","1,29056","1,29024"
I G1,1,"1,08202","1,18178","1,30567","1,46262","1,66506","1,93039","2,28283","2,75616","3,39737","4,27163","5,46899","7,1132","9,37289","12,4753","16,7215","22,5014","30,3029","40,7061","54,3493","71,8482","93,6553","119,865","150,01","182,93","216,822","249,496","278,784","302,948","320,929","332,404","337,666","337,428","332,623","324,235","313,2","300,343","286,351","271,778","257,052","242,494","228,338","214,745","201,82","189,626","178,193","167,529","157,623","148,454","139,99","132,197","125,037","118,472","112,463","106,972","101,963","97,4008","93,2542","89,4926","86,088","83,0147","80,2487","77,7686","75,5543","73,5877","71,8525","70,3336","69,0174","67,8916","66,9448","66,1669","65,5484","65,0808","64,7562","64,5673","64,5072","64,5695","64,7481","65,037","65,4307","65,9234","66,5095","67,1835","67,9395","68,7718","69,6745","70,6412","71,6656","72,7412","73,8612","75,0185","76,2061","77,4166","78,6427","79,877","81,112","82,3405","83,5552","84,7492","85,9158","87,0488","88,1421","89,1904","90,1887","91,1328","92,0189","92,8438","93,6052","94,3012","94,9306","95,4929","95,988","96,4167","96,7799","97,0793","97,3169","97,4952","97,6168","97,6847","97,7023","97,6729","97,6001","97,4875","97,3387","97,1575","96,9474","96,7121","96,4551","96,1796","95,8891","95,5865","95,2748","94,9568","94,6351","94,3121","93,9901","93,6712","93,3571","93,0496","92,7503","92,4604","92,1813","91,9138","91,659","91,4175","91,19","90,9769","90,7785","90,5952","90,427","90,2739","90,136","90,0129","89,9046","89,8107","89,7307","89,6644","89,6112","89,5706","89,542","89,5248","89,5184","89,5221","89,5353","89,5572","89,5871","89,6244","89,6683","89,7182","89,7733","89,833","89,8966","89,9634","90,0328","90,1042","90,177","90,2507","90,3247","90,3986","90,4718","90,544","90,6148","90,6837","90,7505","90,8149","90,8765","90,9353","90,991","91,0434","91,0924","91,1379","91,1798","91,2182","91,2529","91,2841","91,3116","91,3357","91,3563","91,3735","91,3875","91,3984"
I G2,0,"0,0299133","0,0722324","0,131972","0,216157","0,33462","0,501116","0,734852","1,06261","1,52162","2,16347","3,05927","4,30631","6,03637","8,42532","11,703","16,1607","22,1511","30,0724","40,3243","53,2236","68,8775","87,0342","106,966","127,465","147,01","164,072","177,453","186,498","191,135","191,756","189,028","183,72","176,576","168,244","159,251","150,002","140,794","131,836","123,266","115,17","107,595","100,558","94,0584","88,0829","82,6086","77,608","73,0508","68,9059","65,1424","61,7304","58,6415","55,849","53,3283","51,0565","49,0129","47,1784","45,5359","44,0697","42,7657","41,6114","40,5952","39,707","38,9375","38,2785","37,7225","37,2628","36,8935","36,609","36,4044","36,2752","36,2171","36,2265","36,2996","36,4332","36,6239","36,8686","37,1643","37,508","37,8966","38,327","38,7962","39,3008","39,8377","40,4033","40,9942","41,6067","42,2371","42,8815","43,5359","44,1964","44,859","45,5197","46,1744","46,8194","47,4507","48,0649","48,6584","49,2282","49,7712","50,2849","50,7671","51,2157","51,6291","52,0063","52,3464","52,6488","52,9136","53,1408","53,3312","53,4855","53,6048","53,6905","53,7442","53,7676","53,7626","53,7312","53,6754","53,5973","53,4992","53,3831","53,2512","53,1056","52,9484","52,7814","52,6066","52,4258","52,2406","52,0527","51,8636","51,6745","51,4868","51,3017","51,1201","50,9431","50,7713","50,6057","50,4467","50,295","50,151","50,0151","49,8876","49,7686","49,6584","49,557","49,4645","49,3808","49,3059","49,2395","49,1817","49,1321","49,0904","49,0566","49,0301","49,0108","48,9982","48,9921","48,9919","48,9974","49,0082","49,0238","49,0438","49,0678","49,0955","49,1264","49,1601","49,1962","49,2344","49,2742","49,3154","49,3575","49,4003","49,4434","49,4865","49,5295","49,5719","49,6136","49,6543","49,6939","49,7321","49,7688","49,804","49,8373","49,8688","49,8983","49,9259","49,9513","49,9747","49,996","50,0152","50,0323","50,0473","50,0602","50,0712","50,0803","50,0875","50,0929","50,0966","50,0987","50,0993","50,0984"
I G3,0,"0,0122494","0,0301919","0,0561504","0,0933793","0,146436","0,221692","0,328047","0,477902","0,688495","0,98368","1,3963","1,97121","2,76898","3,87013","5,37928","7,42781","10,1726","13,7868","18,4364","24,2393","31,2047","39,1675","47,7448","56,3521","64,2982","70,9371","75,8128","78,7367","79,7757","79,1786","77,285","74,449","70,9911","67,1763","63,2092","59,2397","55,3718","51,674","48,1877","44,9349","41,9238","39,1531","36,6155","34,2999","32,1927","30,2797","28,546","26,9774","25,56","24,2809","23,128","22,0901","21,1573","20,3201","19,5704","18,9005","18,3037","17,7739","17,3057","16,8942","16,5351","16,2245","15,9588","15,7351","15,5504","15,4023","15,2885","15,207","15,1559","15,1335","15,1383","15,1688","15,2236","15,3013","15,4009","15,5209","15,6602","15,8176","15,9918","16,1816","16,3856","16,6027","16,8313","17,07","17,3174","17,572","17,8322","18,0964","18,363","18,6304","18,8969","19,1609","19,4208","19,6751","19,9224","20,1611","20,3901","20,6081","20,814","21,0069","21,1861","21,3509","21,5008","21,6354","21,7546","21,8585","21,9469","22,0203","22,079","22,1234","22,1542","22,1719","22,1774","22,1713","22,1546","22,1281","22,0927","22,0493","21,9987","21,9419","21,8797","21,8129","21,7425","21,669","21,5933","21,5161","21,438","21,3596","21,2814","21,204","21,1279","21,0533","20,9808","20,9106","20,8431","20,7784","20,7168","20,6585","20,6035","20,5521","20,5042","20,46","20,4195","20,3825","20,3493","20,3196","20,2935","20,2708","20,2515","20,2355","20,2226","20,2127","20,2057","20,2014","20,1998","20,2005","20,2035","20,2087","20,2157","20,2245","20,235","20,2468","20,2599","20,2742","20,2893","20,3053","20,3219","20,339","20,3565","20,3741","20,3919","20,4097","20,4273","20,4447","20,4617","20,4784","20,4945","20,51","20,525","20,5392","20,5527","20,5654","20,5773","20,5883","20,5985","20,6079","20,6164","20,624","20,6307","20,6366","20,6417","20,6459","20,6494","20,6521","20,6541","20,6554","20,6561","20,6561","20,6555","20,6545"
I G4,0,"0,0061247","0,015096","0,0280752","0,0466897","0,0732178","0,110846","0,164023","0,238951","0,344247","0,49184","0,69815","0,985603","1,38449","1,93507","2,68964","3,71391","5,08632","6,8934","9,21822","12,1197","15,6023","19,5837","23,8724","28,1761","32,1491","35,4685","37,9064","39,3684","39,8878","39,5893","38,6425","37,2245","35,4956","33,5881","31,6046","29,6198","27,6859","25,837","24,0939","22,4675","20,9619","19,5765","18,3078","17,1499","16,0964","15,1398","14,273","13,4887","12,78","12,1404","11,564","11,0451","10,5786","10,1601","9,78518","9,45024","9,15183","8,88695","8,65285","8,44711","8,26756","8,11224","7,97942","7,86753","7,77519","7,70114","7,64425","7,6035","7,57795","7,56677","7,56916","7,58439","7,61178","7,65067","7,70043","7,76044","7,8301","7,90879","7,9959","8,09079","8,19282","8,30133","8,41563","8,53501","8,65872","8,78601","8,91611","9,04821","9,18151","9,31519","9,44844","9,58044","9,71041","9,83757","9,96119","10,0806","10,195","10,304","10,407","10,5035","10,5931","10,6754","10,7504","10,8177","10,8773","10,9292","10,9735","11,0102","11,0395","11,0617","11,0771","11,086","11,0887","11,0857","11,0773","11,0641","11,0464","11,0246","10,9994","10,9709","10,9398","10,9065","10,8712","10,8345","10,7967","10,7581","10,719","10,6798","10,6407","10,602","10,5639","10,5267","10,4904","10,4553","10,4215","10,3892","10,3584","10,3292","10,3018","10,276","10,2521","10,23","10,2097","10,1913","10,1746","10,1598","10,1467","10,1354","10,1257","10,1177","10,1113","10,1063","10,1028","10,1007","10,0999","10,1003","10,1018","10,1043","10,1079","10,1123","10,1175","10,1234","10,13","10,1371","10,1447","10,1527","10,161","10,1695","10,1782","10,1871","10,196","10,2048","10,2136","10,2223","10,2309","10,2392","10,2472","10,255","10,2625","10,2696","10,2763","10,2827","10,2886","10,2942","10,2993","10,3039","10,3082","10,312","10,3154","10,3183","10,3208","10,323","10,3247","10,3261","10,3271","10,3277","10,328","10,328","10,3278","10,3272"
R G1,0,"0,128694","0,266036","0,414426","0,577154","0,758758","0,965513","1,20613","1,49269","1,84201","2,27746","2,83145","3,54892","4,49186","5,74541","7,42556","9,68866","12,7422","16,856","22,3702","29,6973","39,3091","51,7044","67,3505","86,6053","109,635","136,35","166,391","199,158","233,89","269,755","305,939","341,707","376,444","409,666","441,018","470,264","497,262","521,952","544,337","564,464","582,413","598,289","612,209","624,299","634,687","643,502","650,87","656,912","661,745","665,475","668,208","670,037","671,053","671,337","670,967","670,012","668,537","666,603","664,264","661,571","658,57","655,304","651,812","648,131","644,294","640,332","636,274","632,144","627,969","623,769","619,566","615,38","611,227","607,125","603,089","599,133","595,27","591,513","587,872","584,359","580,982","577,75","574,67","571,75","568,995","566,41",564,"561,768","559,715","557,845","556,156","554,65","553,324","552,176","551,205","550,405","549,772","549,301","548,985","548,818","548,792","548,899","549,131","549,478","549,932","550,482","551,12","551,836","552,619","553,46","554,35","555,28","556,24","557,223","558,219","559,221","560,221","561,214","562,192","563,15","564,083","564,985","565,854","566,685","567,475","568,222","568,923","569,578","570,185","570,743","571,252","571,712","572,123","572,486","572,802","573,072","573,297","573,479","573,621","573,723","573,788","573,817","573,814","573,78","573,718","573,63","573,518","573,385","573,232","573,063","572,879","572,682","572,475","572,26","572,038","571,812","571,583","571,352","571,122","570,893","570,668","570,446","570,231","570,021","569,819","569,626","569,441","569,265","569,1","568,945","568,8","568,667","568,544","568,433","568,333","568,244","568,166","568,099","568,042","567,995","567,958","567,93","567,911","567,901","567,899","567,904","567,916","567,935","567,96","567,989","568,024","568,063","568,106","568,152","568,201","568,252","568,305","568,359","568,413","568,469"
R G2,0,"0,00174995","0,00789409","0,0201746","0,0410378","0,0739154","0,123618","0,196884","0,30314","0,455553","0,672485","0,979468","1,41188","2,01848","2,86601","4,04491","5,67603","7,91776","10,9721","15,0871","20,5513","27,6752","36,7556","48,0236","61,5849","77,3718","95,1254","114,42","134,724","155,469","176,122","196,227","215,428","233,471","250,193","265,506","279,384","291,843","302,929","312,71","321,265","328,681","335,046","340,447","344,97","348,695","351,699","354,052","355,821","357,065","357,841","358,2","358,189","357,849","357,219","356,335","355,229","353,93","352,464","350,856","349,129","347,301","345,391","343,417","341,394","339,335","337,255","335,165","333,075","330,997","328,94","326,911","324,92","322,973","321,078","319,241","317,466","315,761","314,129","312,574","311,101","309,713","308,412","307,202","306,084","305,06","304,131","303,297","302,558","301,915","301,365","300,908","300,543","300,266","300,075","299,967","299,938","299,984","300,101","300,285","300,531","300,834","301,188","301,588","302,03","302,507","303,014","303,547","304,099","304,666","305,244","305,827","306,41","306,991","307,566","308,13","308,68","309,214","309,73","310,224","310,695","311,141","311,562","311,955","312,32","312,657","312,966","313,245","313,496","313,719","313,913","314,081","314,222","314,338","314,429","314,497","314,542","314,567","314,572","314,558","314,528","314,481","314,421","314,347","314,262","314,166","314,062","313,949","313,831","313,707","313,578","313,447","313,313","313,179","313,044","312,91","312,777","312,647","312,52","312,396","312,276","312,161","312,051","311,946","311,847","311,754","311,667","311,586","311,512","311,444","311,383","311,328","311,28","311,238","311,202","311,172","311,148","311,13","311,116","311,108","311,105","311,106","311,112","311,121","311,134","311,15","311,169","311,191","311,215","311,241","311,269","311,298","311,329","311,36","311,392","311,425","311,457","311,489","311,522","311,553","311,584"
R G3,0,"0,000711387","0,00325801","0,00844424","0,0174006","0,0317145","0,0536121","0,0862128","0,133881","0,202714","0,301211","0,441187","0,638995","0,917153","1,30642","1,84838","2,59836","3,62852","5,03014","6,91401","9,40683","12,6413","16,7385","21,7832","27,7983","34,7256","42,4239","50,6853","59,2659","67,9196","76,4257","84,6053","92,3266","99,5023","106,083","112,051","117,408","122,173","126,375","130,049","133,233","135,966","138,288","140,235","141,844","143,147","144,176","144,959","145,522","145,89","146,084","146,123","146,027","145,81","145,488","145,075","144,582","144,02","143,4","142,73","142,02","141,276","140,505","139,713","138,908","138,093","137,273","136,454","135,638","134,831","134,035","133,254","132,491","131,748","131,027","130,333","129,665","129,027","128,42","127,845","127,304","126,798","126,329","125,896","125,501","125,144","124,825","124,544","124,301","124,096","123,928","123,796","123,7","123,638","123,609","123,612","123,644","123,706","123,793","123,905","124,04","124,195","124,368","124,557","124,76","124,975","125,199","125,431","125,668","125,908","126,151","126,393","126,633","126,87","127,102","127,328","127,547","127,758","127,96","128,152","128,333","128,504","128,663","128,81","128,946","129,07","129,182","129,282","129,37","129,447","129,512","129,567","129,612","129,646","129,671","129,687","129,695","129,694","129,686","129,672","129,651","129,624","129,592","129,555","129,515","129,471","129,423","129,374","129,322","129,269","129,214","129,159","129,104","129,048","128,993","128,939","128,886","128,834","128,783","128,735","128,688","128,643","128,601","128,561","128,524","128,489","128,456","128,427","128,4","128,376","128,354","128,335","128,318","128,305","128,293","128,284","128,277","128,272","128,27","128,269","128,27","128,273","128,277","128,283","128,29","128,299","128,308","128,318","128,329","128,341","128,353","128,366","128,379","128,392","128,406","128,419","128,432","128,446","128,459","128,471","128,484"
R G4,0,"0,000355694","0,00162901","0,00422212","0,00870031","0,0158572","0,026806","0,0431064","0,0669405","0,101357","0,150606","0,220593","0,319497","0,458576","0,653211","0,924188","1,29918","1,81426","2,51507","3,45701","4,70341","6,32065","8,36923","10,8916","13,8991","17,3628","21,2119","25,3426","29,6329","33,9598","38,2128","42,3027","46,1633","49,7512","53,0417","56,0254","58,7039","61,0864","63,1873","65,0243","66,6163","67,9831","69,1439","70,1175","70,9219","71,5735","72,088","72,4795","72,7612","72,945","73,0419","73,0616","73,0133","72,9049","72,7441","72,5373","72,2908","72,01","71,6999","71,3652","71,0099","70,6378","70,2523","69,8567","69,4538","69,0463","68,6366","68,2269","67,8192","67,4156","67,0176","66,6271","66,2453","65,8738","65,5137","65,1663","64,8325","64,5134","64,2098","63,9224","63,6521","63,3992","63,1645","62,9481","62,7505","62,5719","62,4123","62,2719","62,1505","62,0479","61,9638","61,898","61,8498","61,8189","61,8045","61,8058","61,8222","61,8528","61,8966","61,9526","62,0199","62,0973","62,1839","62,2785","62,38","62,4873","62,5995","62,7153","62,8339","62,9542","63,0753","63,1963","63,3164","63,4349","63,551","63,6641","63,7736","63,879","63,9799","64,0758","64,1666","64,2518","64,3314","64,4052","64,473","64,5349","64,5908","64,6408","64,6849","64,7234","64,7562","64,7837","64,8059","64,8232","64,8357","64,8437","64,8474","64,8472","64,8432","64,8358","64,8253","64,8119","64,796","64,7777","64,7574","64,7353","64,7117","64,6869","64,661","64,6343","64,6071","64,5796","64,5518","64,5241","64,4966","64,4695","64,4429","64,4169","64,3917","64,3673","64,344","64,3217","64,3005","64,2805","64,2618","64,2443","64,2282","64,2134","64,1999","64,1878","64,1769","64,1674","64,1592","64,1523","64,1465","64,142","64,1386","64,1362","64,1349","64,1345","64,1351","64,1365","64,1387","64,1416","64,1452","64,1493","64,154","64,1591","64,1647","64,1705","64,1767","64,183","64,1895","64,1962","64,2029","64,2096","64,2162","64,2228","64,2293","64,2357","64,2418"
S G1,999,"998,789","998,552","998,28","997,96","997,576","997,104","996,511","995,751","994,761","993,451","991,7","989,338","986,135","981,779","975,853","967,81","956,955","942,438","923,281","898,454","867,036","828,43","782,64","730,465","673,543","614,154","554,825","497,895","445,182","397,842","356,396","320,865","290,933","266,099","245,781","229,394","216,387","206,27","198,611","193,042","189,248","186,966","185,971","186,076","187,12","188,969","191,506","194,634","198,266","202,328","206,755","211,491","216,484","221,691","227,071","232,587","238,209","243,904","249,648","255,415","261,182","266,928","272,634","278,281","283,853","289,334","294,709","299,964","305,087","310,064","314,885","319,54","324,017","328,308","332,404","336,298","339,982","343,45","346,697","349,718","352,509","355,067","357,39","359,478","361,331","362,949","364,334","365,491","366,424","367,137","367,638","367,934","368,034","367,947","367,683","367,255","366,673","365,95","365,099","364,133","363,066","361,911","360,681","359,389","358,049","356,674","355,275","353,863","352,451","351,047","349,662","348,303","346,98","345,698","344,464","343,284","342,162","341,101","340,106","339,177","338,317","337,527","336,808","336,158","335,578","335,066","334,622","334,242","333,926","333,671","333,474","333,332","333,242","333,202","333,208","333,257","333,346","333,471","333,629","333,817","334,031","334,269","334,527","334,802","335,092","335,393","335,703","336,02","336,341","336,663","336,985","337,305","337,62","337,929","338,231","338,524","338,806","339,077","339,336","339,582","339,814","340,032","340,234","340,422","340,594","340,75","340,891","341,017","341,127","341,222","341,303","341,37","341,423","341,463","341,49","341,505","341,509","341,503","341,487","341,461","341,428","341,386","341,338","341,284","341,225","341,161","341,093","341,022","340,948","340,873","340,796","340,719","340,641","340,564","340,488","340,413","340,339","340,268","340,199","340,133"
S G2,500,"499,968","499,92","499,848","499,743","499,591","499,375","499,068","498,634","498,023","497,164","495,961","494,282","491,945","488,709","484,252","478,163","469,931","458,955","444,589","426,225","403,447","376,21","345,011","310,95","275,619","240,802","208,127","178,779","153,396","132,122","114,745","100,852","89,9531","81,5636","75,2432","70,6142","67,3633","65,2352","64,024","63,5647","63,7245","64,3967","65,4944","66,947","68,696","70,6929","72,897","75,2734","77,7923","80,4281","83,1581","85,9623","88,8231","91,7244","94,6519","97,5925","100,534","103,466","106,378","109,26","112,104","114,902","117,645","120,328","122,942","125,482","127,942","130,316","132,598","134,785","136,872","138,853","140,727","142,489","144,135","145,665","147,075","148,363","149,529","150,572","151,491","152,287","152,96","153,512","153,946","154,263","154,466","154,56","154,55","154,438","154,232","153,937","153,56","153,106","152,583","151,997","151,358","150,67","149,943","149,184","148,399","147,597","146,783","145,964","145,147","144,337","143,54","142,76","142,002","141,271","140,569","139,899","139,264","138,667","138,108","137,589","137,11","136,673","136,277","135,922","135,608","135,333","135,097","134,898","134,736","134,609","134,514","134,451","134,418","134,412","134,432","134,476","134,542","134,628","134,732","134,852","134,986","135,133","135,291","135,457","135,631","135,811","135,994","136,181","136,369","136,557","136,745","136,93","137,112","137,29","137,463","137,63","137,791","137,945","138,092","138,231","138,361","138,483","138,596","138,7","138,795","138,881","138,959","139,027","139,086","139,137","139,179","139,214","139,24","139,259","139,271","139,277","139,276","139,269","139,256","139,238","139,216","139,19","139,16","139,126","139,09","139,051","139,01","138,968","138,924","138,879","138,834","138,789","138,744","138,699","138,654","138,611","138,568","138,527","138,488","138,45","138,414","138,38","138,348","138,317"
S G3,200,"199,987","199,967","199,935","199,889","199,822","199,725","199,586","199,388","199,109","198,715","198,163","197,39","196,314","194,823","192,772","189,974","186,199","181,183","174,65","166,354","156,154","144,094","130,472","115,85","100,976","86,639","73,5019","61,9974","52,3048","44,3957","38,1097","33,2245","29,5066","26,7403","24,7399","23,3525","22,4554","21,9513","21,7636","21,8324","22,1101","22,5592","23,1494","23,8564","24,6602","25,5444","26,495","27,5002","28,5499","29,6354","30,7488","31,8833","33,0328","34,1917","35,355","36,5179","37,6763","38,8262","39,9639","41,086","42,1893","43,2708","44,3277","45,3572","46,357","47,3246","48,2578","49,1546","50,013","50,8312","51,6075","52,3406","53,0289","53,6712","54,2666","54,8141","55,313","55,7629","56,1633","56,5143","56,8159","57,0684","57,2725","57,4289","57,5388","57,6033","57,624","57,6027","57,5413","57,442","57,3072","57,1394","56,9414","56,7159","56,4659","56,1944","55,9043","55,5988","55,2808","54,9533","54,6193","54,2814","53,9423","53,6047","53,2707","52,9426","52,6224","52,3119","52,0126","51,726","51,4532","51,1952","50,9528","50,7267","50,5172","50,3247","50,1493","49,991","49,8496","49,725","49,6166","49,5242","49,4472","49,385","49,3369","49,3023","49,2805","49,2706","49,2719","49,2835","49,3048","49,3348","49,3728","49,418","49,4696","49,5268","49,5889","49,6551","49,7248","49,7973","49,8719","49,9481","50,0252","50,1027","50,1801","50,257","50,3328","50,4072","50,4798","50,5503","50,6183","50,6836","50,746","50,8053","50,8612","50,9137","50,9627","51,008","51,0496","51,0875","51,1217","51,1522","51,179","51,2023","51,222","51,2383","51,2513","51,2612","51,268","51,272","51,2732","51,2719","51,2682","51,2623","51,2543","51,2445","51,2331","51,2202","51,2059","51,1906","51,1743","51,1572","51,1395","51,1213","51,1028","51,0841","51,0653","51,0467","51,0282","51,01","50,9923","50,975","50,9582","50,9422","50,9268","50,9121","50,8983","50,8853","50,8732","50,8619"
S G4,100,"99,9935","99,9833","99,9677","99,9446","99,9109","99,8623","99,7929","99,6941","99,5544","99,3576","99,0813","98,6949","98,1569","97,4117","96,3862","94,9869","93,0994","90,5915","87,3248","83,1769","78,077","72,047","65,236","57,9248","50,4881","43,3195","36,751","30,9987","26,1524","22,1979","19,0548","16,6122","14,7533","13,3701","12,3699","11,6763","11,2277","10,9756","10,8818","10,9162","11,0551","11,2796","11,5747","11,9282","12,3301","12,7722","13,2475","13,7501","14,275","14,8177","15,3744","15,9417","16,5164","17,0959","17,6775","18,259","18,8382","19,4131","19,982","20,543","21,0947","21,6354","22,1638","22,6786","23,1785","23,6623","24,1289","24,5773","25,0065","25,4156","25,8038","26,1703","26,5144","26,8356","27,1333","27,407","27,6565","27,8814","28,0817","28,2571","28,4079","28,5342","28,6363","28,7145","28,7694","28,8016","28,812","28,8013","28,7706","28,721","28,6536","28,5697","28,4707","28,358","28,233","28,0972","27,9522","27,7994","27,6404","27,4767","27,3096","27,1407","26,9712","26,8023","26,6354","26,4713","26,3112","26,156","26,0063","25,863","25,7266","25,5976","25,4764","25,3633","25,2586","25,1624","25,0747","24,9955","24,9248","24,8625","24,8083","24,7621","24,7236","24,6925","24,6685","24,6512","24,6402","24,6353","24,6359","24,6418","24,6524","24,6674","24,6864","24,709","24,7348","24,7634","24,7944","24,8275","24,8624","24,8986","24,936","24,974","25,0126","25,0514","25,0901","25,1285","25,1664","25,2036","25,2399","25,2751","25,3092","25,3418","25,373","25,4026","25,4306","25,4569","25,4813","25,504","25,5248","25,5438","25,5608","25,5761","25,5895","25,6011","25,611","25,6192","25,6257","25,6306","25,634","25,636","25,6366","25,6359","25,6341","25,6311","25,6272","25,6223","25,6165","25,6101","25,603","25,5953","25,5871","25,5786","25,5697","25,5606","25,5514","25,542","25,5327","25,5233","25,5141","25,505","25,4961","25,4875","25,4791","25,4711","25,4634","25,4561","25,4491","25,4426","25,4366","25,431"
