Time,C G1 G1,C G1 G2,C G1 G3,C G1 G4,C G2 G2,C G2 G3,C G2 G4,C G3 G3,C G3 G4,C G4 G4,CC G1,CC G2,CC G3,CC G4,CVS G1,CVS G2,CVS G3,CVS G4,CI G1,CI G2,CI G3,CI G4,CAB G1 G3,CAB G1 G4,DME,FT,I G1,I0 G1,I G2,I0 G2,I G3,I0 G3,I G4,I0 G4,IT,P G1,P G2,P G3,P G4,PT0 G1,PT0 G2,PT0 G3,PT0 G4,PTE,R G1,R G2,R G3,R G4,S G1,S0 G1,S G2,S0 G2,S G3,S0 G3,S G4,S0 G4,SAVEPER,TC G1,TCS G1 G1,TCS G1 G2,TCS G1 G3,TCS G1 G4,TC G2,TCS G2 G1,TCS G2 G2,TCS G2 G3,TCS G2 G4,TC G3,TCS G3 G1,TCS G3 G2,TCS G3 G3,TCS G3 G4,TC G4,TCS G4 G1,TCS G4 G2,TCS G4 G3,TCS G4 G4,TCONTAGIO G1,TCONTAGIO G2,TCONTAGIO G3,TCONTAGIO G4,TR,TIME STEP,TVS
0,4,1,1,1,4,2,2,4,3,4,125,0,0,0,0,0,0,0,0.1998,0.25,0.01,"0,005",5,5,8,200,1,1,0,0,0,0,0,0,0,1,0,0,0,1000,500,200,100,0.05,0,0,0,0,999,999,500,500,200,200,100,100,1,4,4,0,0,0,1,1,0,0,0,1,1,0,0,0,1,1,0,0,0,0.0002,0.00005,0.00005,0.00005,125,0.1,0.02
1,,,,,,,,,,,0.135252,0.00373916,0.00153118,0.000765588,0.00257388,0.34999,1.42277,0.711387,0.225247,0.0391554,0.016303,0.00815148,,,,,108202,,0.0299133,,0.0122494,,0.0061247,,,0.00108202,5.98266,0.61247,0.61247,,,,,,0.128694,0.00174995,0.000711387,0.000355694,998789,999,499968,500,199987,200,999935,100,,0.0045104,0.00432808,5.98266,0.61247,0.61247,0.00156631,0.00108202,0.000239307,0.000122494,0.000122494,0.0016304,0.00108202,0.000119653,0.000244988,0.000183741,0.0016304,0.00108202,0.000119653,0.000183741,0.000244988,0.00022552,7.83157,8.15201,8.15201,125,,
2,,,,,,,,,,,0.147722,0.00902906,0.00377399,0.001887,0.00532072,0.000157882,6.51603,3.25801,0.2583,0.0590775,0.02527,0.012635,,,,,118178,,0.0722324,,0.0301919,,0.015096,,,0.00118178,0.000144465,0.00015096,0.00015096,,,,,,0.266036,0.00789409,0.00325801,0.00162901,998552,999,499.92,500,199967,200,999833,100,,0.0051735,0.00472711,0.000144465,0.00015096,0.00015096,0.00236348,0.00118178,0.00057786,0.000301919,0.000301919,0.00252743,0.00118178,0.00028893,0.000603839,0.000452879,0.00252743,0.00118178,0.00028893,0.000452879,0.000603839,0.000258675,0.000118174,0.000126371,0.000126371,125,,
3,,,,,,,,,,,0.163209,0.0164965,0.00701879,0.0035094,0.00828852,0.000403493,0.000168885,8.44424,0.301886,0.0870849,0.0379759,0.018988,,,,,130567,,0.131972,,0.0561504,,0.0280752,,,0.00130567,0.000263944,0.000280752,0.000280752,,,,,,0.414426,0.0201746,0.00844424,0.00422212,998.28,999,499848,500,199935,200,999677,100,,0.00604813,0.00522269,0.000263944,0.000280752,0.000280752,0.00348445,0.00130567,0.00105578,0.000561504,0.000561504,0.00379882,0.00130567,0.000527888,0.00112301,0.000842255,0.00379882,0.00130567,0.000527888,0.000842255,0.00112301,0.000302407,0.000174223,0.000189941,0.000189941,125,,
4,,,,,,,,,,,0.182827,0.0270196,0.0116724,0.00583621,0.0115431,0.000820756,0.000348012,0.000174006,0.360093,0.126421,0.0559242,0.0279621,,,,,146262,,0.216157,,0.0933793,,0.0466897,,,0.00146262,0.000432313,0.000466897,0.000466897,,,,,,0.577154,0.0410378,0.0174006,0.00870031,997.96,999,499743,500,199889,200,999446,100,,0.00721657,0.00585047,0.000432313,0.000466897,0.000466897,0.00505946,0.00146262,0.00172925,0.000933793,0.000933793,0.00559552,0.00146262,0.000864627,0.00186759,0.00140069,0.00559552,0.00146262,0.000864627,0.00140069,0.00186759,0.000360829,0.000252973,0.000279776,0.000279776,125,,
5,,,,,,,,,,,0.208133,0.0418275,0.0183044,0.00915222,0.0151752,0.00147831,0.000634289,0.000317145,0.438627,0.18162,0.0812155,0.0406077,,,,,166506,,0.33462,,0.146436,,0.0732178,,,0.00166506,0.000669241,0.000732178,0.000732178,,,,,,0.758758,0.0739154,0.0317145,0.0158572,997576,999,499591,500,199822,200,999109,100,,0.00879385,0.00666026,0.000669241,0.000732178,0.000732178,0.00727074,0.00166506,0.00267696,0.00146436,0.00146436,0.00812879,0.00166506,0.00133848,0.00292871,0.00219653,0.00812879,0.00166506,0.00133848,0.00219653,0.00292871,0.000439693,0.000363537,0.000406439,0.000406439,125,,
6,,,,,,,,,,,0.241299,0.0626395,0.0277114,0.0138557,0.0193103,0.00247237,0.00107224,0.000536121,0.545451,0.259005,0.11678,0.0583898,,,,,193039,,0.501116,,0.221692,,0.110846,,,0.00193039,0.00100223,0.00110846,0.00110846,,,,,,0.965513,0.123618,0.0536121,0.026806,997104,999,499375,500,199725,200,998623,100,,0.0109407,0.00772156,0.00100223,0.00110846,0.00110846,0.0103731,0.00193039,0.00400893,0.00221692,0.00221692,0.0116941,0.00193039,0.00200446,0.00443383,0.00332537,0.0116941,0.00193039,0.00200446,0.00332537,0.00443383,0.000547035,0.000518657,0.000584703,0.000584703,125,,
7,,,,,,,,,,,0.285354,0.0918565,0.0410058,0.0205029,0.0241225,0.00393769,0.00172426,0.000862128,0.691653,0.367379,0.166693,0.0833463,,,,,228283,,0.734852,,0.328047,,0.164023,,,0.00228283,0.0014697,0.00164023,0.00164023,,,,,,120613,0.196884,0.0862128,0.0431064,996511,999,499068,500,199586,200,997929,100,,0.0138815,0.00913133,0.0014697,0.00164023,0.00164023,0.0147226,0.00228283,0.00587881,0.00328047,0.00328047,0.0167039,0.00228283,0.00293941,0.00656093,0.0049207,0.0167039,0.00228283,0.00293941,0.0049207,0.00656093,0.000694075,0.000736129,0.000835193,0.000835193,125,,
8,,,,,,,,,,,0.344521,0.132826,0.0597378,0.0298689,0.0298538,0.0060628,0.00267762,0.00133881,0.892636,0.518955,0.236606,0.118303,,,,,275616,,106261,,0.477902,,0.238951,,,0.00275616,0.00212521,0.00238951,0.00238951,,,,,,149269,0.30314,0.133881,0.0669405,995751,999,498634,500,199388,200,996941,100,,0.0179289,0.0110247,0.00212521,0.00238951,0.00238951,0.0208151,0.00275616,0.00850085,0.00477902,0.00477902,0.0237332,0.00275616,0.00425043,0.00955805,0.00716854,0.0237332,0.00275616,0.00425043,0.00716854,0.00955805,0.000896445,0.00104075,0.00118666,0.00118666,125,,
9,,,,,,,,,,,0.424671,0.190202,0.0860618,0.0430309,0.0368403,0.00911106,0.00405428,0.00202714,116972,0.730604,0.334315,0.167158,,,,,339737,,152162,,0.688495,,0.344247,,,0.00339737,0.00304323,0.00344247,0.00344247,,,,,,184201,0.455553,0.202714,0.101357,994761,999,498023,500,199109,200,995544,100,,0.0235177,0.0135895,0.00304323,0.00344247,0.00344247,0.0293402,0.00339737,0.0121729,0.00688495,0.00688495,0.0335811,0.00339737,0.00608646,0.0137699,0.0103274,0.0335811,0.00339737,0.00608646,0.0103274,0.0137699,0.00117588,0.00146701,0.00167906,0.00167906,125,,
10,,,,,,,,,,,0.533954,0.270434,0.12296,0.06148,0.0455491,0.0134497,0.00602423,0.00301211,155228,102547,0.470501,0.23525,,,,,427163,,216347,,0.98368,,0.49184,,,0.00427163,0.00432694,0.0049184,0.0049184,,,,,,227746,0.672485,0.301211,0.150606,993451,999,497164,500,198715,200,993576,100,,0.0312502,0.0170865,0.00432694,0.0049184,0.0049184,0.041253,0.00427163,0.0173077,0.0098368,0.0098368,0.0473543,0.00427163,0.00865387,0.0196736,0.0147552,0.0473543,0.00427163,0.00865387,0.0147552,0.0196736,0.00156251,0.00206265,0.00236772,0.00236772,125,,
11,,,,,,,,,,,0.683624,0.382408,0.174537,0.0872687,0.056629,0.0195894,0.00882373,0.00441187,208046,143504,0.659649,0.329824,,,,,546899,,305927,,13963,,0.69815,,,0.00546899,0.00611853,0.0069815,0.0069815,,,,,,283145,0.979468,0.441187,0.220593,991.7,999,495961,500,198163,200,990813,100,,0.0419575,0.021876,0.00611853,0.0069815,0.0069815,0.0578691,0.00546899,0.0244741,0.013963,0.013963,0.0665765,0.00546899,0.0122371,0.027926,0.0209445,0.0665765,0.00546899,0.0122371,0.0209445,0.027926,0.00209787,0.00289346,0.00332883,0.00332883,125,,
12,,,,,,,,,,,0.88915,0.538289,0.246401,0.1232,0.0709783,0.0282375,0.0127799,0.00638995,280861,200154,0.921126,0.460563,,,,,71132,,430631,,197121,,0.985603,,,0.0071132,0.00861262,0.00985603,0.00985603,,,,,,354892,141188,0.638995,0.319497,989338,999,494282,500,197.39,200,986949,100,,0.0567775,0.0284528,0.00861262,0.00985603,0.00985603,0.0809878,0.0071132,0.0344505,0.0197121,0.0197121,0.0933306,0.0071132,0.0172252,0.0394241,0.0295681,0.0933306,0.0071132,0.0172252,0.0295681,0.0394241,0.00283887,0.00404939,0.00466653,0.00466653,125,,
13,,,,,,,,,,,117161,0.754546,0.346122,0.173061,0.0898372,0.0403695,0.0183431,0.00917153,380915,278056,128029,0.640143,,,,,937289,,603637,,276898,,138449,,,0.00937289,0.0120727,0.0138449,0.0138449,,,,,,449186,201848,0.917153,0.458576,986135,999,491945,500,196314,200,981569,100,,0.0772541,0.0374916,0.0120727,0.0138449,0.0138449,0.113043,0.00937289,0.048291,0.0276898,0.0276898,0.130433,0.00937289,0.0241455,0.0553795,0.0415346,0.130433,0.00937289,0.0241455,0.0415346,0.0553795,0.0038627,0.00565217,0.00652163,0.00652163,125,,
14,,,,,,,,,,,155941,105316,0.483767,0.241883,0.114908,0.0573202,0.0261284,0.0130642,517658,384322,17693,0.88465,,,,,124753,,842532,,387013,,193507,,,0.0124753,0.0168506,0.0193507,0.0193507,,,,,,574541,286601,130642,0.653211,981779,999,488709,500,194823,200,974117,100,,0.105453,0.0499011,0.0168506,0.0193507,0.0193507,0.15728,0.0124753,0.0674025,0.0387013,0.0387013,0.181631,0.0124753,0.0337013,0.0774027,0.058052,0.181631,0.0124753,0.0337013,0.058052,0.0774027,0.00527265,0.00786402,0.00908156,0.00908156,125,,
15,,,,,,,,,,,209019,146287,0.67241,0.336205,0.148511,0.0808981,0.0369675,0.0184838,703028,527668,242708,121354,,,,,167215,,11703,,537928,,268964,,,0.0167215,0.023406,0.0268964,0.0268964,,,,,,742556,404491,184838,0.924188,975853,999,484252,500,192772,200,963862,100,,0.144085,0.066886,0.023406,0.0268964,0.0268964,0.217931,0.0167215,0.0936238,0.0537928,0.0537928,0.251808,0.0167215,0.0468119,0.107586,0.0806892,0.251808,0.0167215,0.0468119,0.0806892,0.107586,0.00720424,0.0108965,0.0125904,0.0125904,125,,
16,,,,,,,,,,,281268,202008,0.928477,0.464238,0.193773,0.113521,0.0519672,0.0259836,951382,718065,329716,164858,,,,,225014,,161607,,742781,,371391,,,0.0225014,0.0323213,0.0371391,0.0371391,,,,,,968866,567603,259836,129918,967.81,999,478163,500,189974,200,949869,100,,0.196605,0.0900058,0.0323213,0.0371391,0.0371391,0.300343,0.0225014,0.129285,0.0742781,0.0742781,0.347118,0.0225014,0.0646426,0.148556,0.111417,0.347118,0.0225014,0.0646426,0.111417,0.148556,0.00983026,0.0150171,0.0173559,0.0173559,125,,
17,,,,,,,,,,,378786,276889,127158,0.63579,0.254844,0.158355,0.0725704,0.0362852,127868,965625,442175,221088,,,,,303029,,221511,,101726,,508632,,,0.0303029,0.0443022,0.0508632,0.0508632,,,,,,127422,791776,362852,181426,956955,999,469931,500,186199,200,930994,100,,0.26724,0.121212,0.0443022,0.0508632,0.0508632,0.410964,0.0303029,0.177209,0.101726,0.101726,0.47495,0.0303029,0.0886043,0.203453,0.15259,0.47495,0.0303029,0.0886043,0.15259,0.203453,0.013362,0.0205482,0.0237475,0.0237475,125,,
18,,,,,,,,,,,508826,375906,172335,0.861675,0.337119,0.219443,0.100603,0.0503014,170033,127824,582987,291493,,,,,407061,,300724,,137868,,68934,,,0.0407061,0.0601449,0.068934,0.068934,,,,,,16856,109721,503014,251507,942438,999,458955,500,181183,200,905915,100,,0.360837,0.162824,0.0601449,0.068934,0.068934,0.557022,0.0407061,0.24058,0.137868,0.137868,0.643534,0.0407061,0.12029,0.275736,0.206802,0.643534,0.0407061,0.12029,0.206802,0.275736,0.0180419,0.0278511,0.0321767,0.0321767,125,,
19,,,,,,,,,,,679366,504054,230456,115228,0.447404,0.301743,0.13828,0.0691401,22.27,165759,751798,375899,,,,,543493,,403243,,184364,,921822,,,0.0543493,0.0806486,0.0921822,0.0921822,,,,,,223702,150871,691401,345701,923281,999,444589,500,174.65,200,873248,100,,0.48241,0.217397,0.0806486,0.0921822,0.0921822,0.745673,0.0543493,0.322594,0.184364,0.184364,0.860922,0.0543493,0.161297,0.368729,0.276547,0.860922,0.0543493,0.161297,0.276547,0.368729,0.0241205,0.0372836,0.0430461,0.0430461,125,,
20,,,,,,,,,,,898103,665295,302991,151496,0.593945,0.411026,0.188137,0.0940683,285813,209367,942493,471246,,,,,718482,,532236,,242393,,121197,,,0.0718482,0.106447,0.121197,0.121197,,,,,,296973,205513,940683,470341,898454,999,426225,500,166354,200,831769,100,,0.636233,0.287393,0.106447,0.121197,0.121197,0.982423,0.0718482,0.425789,0.242393,0.242393,113312,0.0718482,0.212894,0.484786,0.36359,113312,0.0718482,0.212894,0.36359,0.484786,0.0318117,0.0491211,0.0566559,0.0566559,125,,
21,,,,,,,,,,,117069,860969,390058,195029,0.786183,0.553504,0.252826,0.126413,357402,255941,114096,570481,,,,,936553,,688775,,312047,,156023,,,0.0936553,0.137755,0.156023,0.156023,,,,,,393091,276752,126413,632065,867036,999,403447,500,156154,200,78077,100,,0.824423,0.374621,0.137755,0.156023,0.156023,126877,0.0936553,0.55102,0.312047,0.312047,146133,0.0936553,0.27551,0.624094,0.46807,146133,0.0936553,0.27551,0.46807,0.624094,0.0412212,0.0634385,0.0730665,0.0730665,125,,
22,,,,,,,,,,,149831,108793,489593,244797,103409,0.735112,0.334769,0.167385,432939,300872,132485,662423,,,,,119865,,870342,,391675,,195837,,,0.119865,0.174068,0.195837,0.195837,,,,,,517044,367556,167385,836923,828.43,999,376.21,500,144094,200,72047,100,,10452,0.479461,0.174068,0.195837,0.195837,159949,0.119865,0.696274,0.391675,0.391675,183886,0.119865,0.348137,0.783349,0.587512,183886,0.119865,0.348137,0.587512,0.783349,0.0522602,0.0799744,0.0919432,0.0919432,125,,
23,,,,,,,,,,,187512,133707,59681,298405,134701,0.960471,0.435664,0.217832,505358,33822,146712,73356,,,,,150.01,,106966,,477448,,238724,,,0.15001,0.213932,0.238724,0.238724,,,,,,673505,480236,217832,108916,782.64,999,345011,500,130472,200,65236,100,,129142,0.600039,0.213932,0.238724,0.238724,196063,0.15001,0.855727,0.477448,0.477448,224894,0.15001,0.427863,0.954897,0.716172,224894,0.15001,0.427863,0.716172,0.954897,0.0645709,0.0980316,0.112447,0.112447,125,,
24,,,,,,,,,,,228663,159331,704401,352201,173211,12317,0.555965,0.277983,566173,362209,154376,771881,,,,,182.93,,127465,,563521,,281761,,,0.18293,0.25493,0.281761,0.281761,,,,,,866053,615849,277983,138991,730465,999,310.95,500,115.85,200,579248,100,,155017,0.731721,0.25493,0.281761,0.281761,232969,0.18293,101972,0.563521,0.563521,266511,0.18293,0.50986,112704,0.845282,266511,0.18293,0.50986,0.845282,112704,0.0775086,0.116485,0.133256,0.133256,125,,
25,,,,,,,,,,,271028,183762,803728,401864,219269,154744,0.694512,0.347256,607634,369172,154256,771281,,,,,216822,,147.01,,642982,,321491,,,0.216822,0.294019,0.321491,0.321491,,,,,,109635,773718,347256,173628,673543,999,275619,500,100976,200,504881,100,,180429,0.867288,0.294019,0.321491,0.321491,267886,0.216822,117608,0.642982,0.642982,30553,0.216822,0.588038,128596,0.964473,30553,0.216822,0.588038,0.964473,128596,0.0902145,0.133943,0.152765,0.152765,125,,
26,,,,,,,,,,,31187,20509,886713,443357,2727,190251,0.848478,0.424239,625055,358894,146792,733959,,,,,249496,,164072,,709371,,354685,,,0.249496,0.328144,0.354685,0.354685,,,,,,136.35,951254,424239,212119,614154,999,240802,500,86639,200,433195,100,,20355,0.997983,0.328144,0.354685,0.354685,298081,0.249496,131258,0.709371,0.709371,338858,0.249496,0.656289,141874,106406,338858,0.249496,0.656289,106406,141874,0.101775,0.149041,0.169429,0.169429,125,,
27,,,,,,,,,,,34848,221816,94766,47383,332781,228841,101371,0.506853,618122,334529,133849,669243,,,,,278784,,177453,,758128,,379064,,,0.278784,0.354905,0.379064,0.379064,,,,,,166391,114.42,506853,253426,554825,999,208127,500,735019,200,36751,100,,222817,111514,0.354905,0.379064,0.379064,321466,0.278784,141962,0.758128,0.758128,364204,0.278784,0.709811,151626,113719,364204,0.278784,0.709811,113719,151626,0.111409,0.160733,0.182102,0.182102,125,,
28,,,,,,,,,,,378685,233122,984209,492105,398315,269447,118532,0.592659,590541,301212,117942,589708,,,,,302948,,186498,,787367,,393684,,,0.302948,0.372996,0.393684,0.393684,,,,,,199158,134724,592659,296329,497895,999,178779,500,619974,200,309987,100,,237215,121179,0.372996,0.393684,0.393684,336966,0.302948,149198,0.787367,0.787367,380472,0.302948,0.745991,157473,118105,380472,0.302948,0.745991,118105,157473,0.118608,0.168483,0.190236,0.190236,125,,
29,,,,,,,,,,,401161,238919,997196,498598,467779,310937,135839,0.679196,548407,264265,101409,507045,,,,,320929,,191135,,797757,,398878,,,0.320929,0.382271,0.398878,0.398878,,,,,,233.89,155469,679196,339598,445182,999,153396,500,523048,200,261524,100,,246374,128371,0.382271,0.398878,0.398878,344552,0.320929,152908,0.797757,0.797757,387762,0.320929,0.764541,159551,119664,387762,0.320929,0.764541,119664,159551,0.123187,0.172276,0.193881,0.193881,125,,
30,,,,,,,,,,,415504,239695,989732,494866,53951,352243,152851,0.764257,498279,227912,859208,429604,,,,,332404,,191756,,791786,,395893,,,0.332404,0.383513,0.395893,0.395893,,,,,,269755,176122,764257,382128,397842,999,132122,500,443957,200,221979,100,,250491,132961,0.383513,0.395893,0.395893,345003,0.332404,153405,0.791786,0.791786,387068,0.332404,0.767025,158357,118768,387068,0.332404,0.767025,118768,158357,0.125246,0.172501,0.193534,0.193534,125,,
31,,,,,,,,,,,422082,236286,966062,483031,611877,392454,169211,0.846053,445774,194813,723847,361923,,,,,337666,,189028,,77285,,386425,,,0.337666,0.378057,0.386425,0.386425,,,,,,305939,196227,846053,423027,356396,999,114745,500,381097,200,190548,100,,250157,135066,0.378057,0.386425,0.386425,339559,0.337666,151223,0.77285,0.77285,379875,0.337666,0.756114,15457,115927,379875,0.337666,0.756114,115927,15457,0.125078,0.16978,0.189938,0.189938,125,,
32,,,,,,,,,,,421786,22965,930612,465306,683414,430856,184653,0.923266,394927,166212,611002,305501,,,,,337428,,183.72,,74449,,372245,,,0.337428,0.367441,0.372245,0.372245,,,,,,341707,215428,923266,461633,320865,999,100852,500,332245,200,166122,100,,246164,134971,0.367441,0.372245,0.372245,329617,0.337428,146976,0.74449,0.74449,367802,0.337428,0.734881,148898,111673,367802,0.337428,0.734881,111673,148898,0.123082,0.164809,0.183901,0.183901,125,,
33,,,,,,,,,,,415778,22072,887389,443694,752888,466942,199005,0.995023,348182,142353,519849,259924,,,,,332623,,176576,,709911,,354956,,,0.332623,0.353152,0.354956,0.354956,,,,,,376444,233471,995023,497512,290933,999,899531,500,295066,200,147533,100,,239355,133049,0.353152,0.354956,0.354956,316505,0.332623,141261,0.709911,0.709911,352361,0.332623,0.706303,141982,106487,352361,0.332623,0.706303,106487,141982,0.119678,0.158253,0.176181,0.176181,125,,
34,,,,,,,,,,,405294,210305,839704,419852,819332,500386,212167,106083,306705,122905,447683,223841,,,,,324235,,168244,,671763,,335881,,,0.324235,0.336487,0.335881,0.335881,,,,,,409666,250193,106083,530417,266099,999,815636,500,267403,200,133701,100,,230519,129694,0.336487,0.335881,0.335881,301371,0.324235,134595,0.671763,0.671763,334838,0.324235,0.672974,134353,100764,334838,0.324235,0.672974,100764,134353,0.11526,0.150685,0.167419,0.167419,125,,
35,,,,,,,,,,,391501,199063,790115,395058,882037,531013,224102,112051,270776,107274,391203,195601,,,,,313.2,,159251,,632092,,316046,,,0.3132,0.318501,0.316046,0.316046,,,,,,441018,265506,112051,560254,245781,999,752432,500,247399,200,123699,100,,22034,12528,0.318501,0.316046,0.316046,285139,0.3132,1274,0.632092,0.632092,316253,0.3132,0.637002,126418,0.948138,316253,0.3132,0.637002,0.948138,126418,0.11017,0.142569,0.158126,0.158126,125,,
36,,,,,,,,,,,375429,187502,740496,370248,940527,558768,234816,117408,240149,948048,347222,173611,,,,,300343,,150002,,592397,,296198,,,0.300343,0.300003,0.296198,0.296198,,,,,,470264,279384,117408,587039,229394,999,706142,500,233525,200,116763,100,,209377,120137,0.300003,0.296198,0.296198,268515,0.300343,120001,0.592397,0.592397,297374,0.300343,0.600006,118479,0.888595,297374,0.300343,0.600006,0.888595,118479,0.104689,0.134257,0.148687,0.148687,125,,
37,,,,,,,,,,,357939,175993,692148,346074,994523,583685,244345,122173,21.43,848825,312977,156489,,,,,286351,,140794,,553718,,276859,,,0.286351,0.281588,0.276859,0.276859,,,,,,497262,291843,122173,610864,216387,999,673633,500,224554,200,112277,100,,198071,11454,0.281588,0.276859,0.276859,252014,0.286351,112635,0.553718,0.553718,278754,0.286351,0.563176,110744,0.830578,278754,0.286351,0.563176,0.830578,110744,0.0990355,0.126007,0.139377,0.139377,125,,
38,,,,,,,,,,,339722,164795,645925,322963,10439,605857,252749,126375,192607,769758,286213,143107,,,,,271778,,131836,,51674,,25837,,,0.271778,0.263672,0.25837,0.25837,,,,,,521952,302929,126375,631873,206.27,999,652352,500,219513,200,109756,100,,186752,108711,0.263672,0.25837,0.25837,235995,0.271778,105469,0.51674,0.51674,260771,0.271778,0.527345,103348,0.775111,260771,0.271778,0.527345,0.775111,103348,0.0933762,0.117997,0.130386,0.130386,125,,
39,,,,,,,,,,,321315,154083,602347,301173,108867,625419,260097,130049,174442,706485,265156,132578,,,,,257052,,123266,,481877,,240939,,,0.257052,0.246533,0.240939,0.240939,,,,,,544337,312.71,130049,650243,198611,999,64024,500,217636,200,108818,100,,175662,102821,0.246533,0.240939,0.240939,220694,0.257052,0.986132,0.481877,0.481877,243669,0.257052,0.493066,0.963755,0.722816,243669,0.257052,0.493066,0.722816,0.963755,0.0878309,0.110347,0.121834,0.121834,125,,
40,,,,,,,,,,,303118,143963,561686,280843,112893,64253,266465,133233,159227,655529,248442,124221,,,,,242494,,115.17,,449349,,224675,,,0.242494,0.230341,0.224675,0.224675,,,,,,564464,321265,133233,666163,193042,999,635647,500,218324,200,109162,100,,164967,0.969977,0.230341,0.224675,0.224675,206256,0.242494,0.921363,0.449349,0.449349,22759,0.242494,0.460682,0.898698,0.674024,22759,0.242494,0.460682,0.674024,0.898698,0.0824834,0.103128,0.113795,0.113795,125,,
41,,,,,,,,,,,285423,134493,524047,262024,116483,657362,271932,135966,146457,614168,235036,117518,,,,,228338,,107595,,419238,,209619,,,0.228338,0.215189,0.209619,0.209619,,,,,,582413,328681,135966,679831,189248,999,637245,500,221101,200,110551,100,,154778,0.913353,0.215189,0.209619,0.209619,192757,0.228338,0.860757,0.419238,0.419238,212605,0.228338,0.430378,0.838475,0.628856,212605,0.228338,0.430378,0.628856,0.838475,0.077389,0.0963785,0.106302,0.106302,125,,
42,,,,,,,,,,,268431,125697,489414,244707,119658,670092,276576,138288,135702,5803,224163,112081,,,,,214745,,100558,,391531,,195765,,,0.214745,0.201115,0.195765,0.195765,,,,,,598289,335046,138288,691439,186966,999,643967,500,225592,200,112796,100,,145163,0.858979,0.201115,0.195765,0.195765,180227,0.214745,0.804461,0.391531,0.391531,198733,0.214745,0.40223,0.783062,0.587296,198733,0.214745,0.40223,0.587296,0.783062,0.0725813,0.0901134,0.0993667,0.0993667,125,,
43,,,,,,,,,,,252275,117573,457694,228847,122442,680894,28047,140235,126605,552313,215243,107621,,,,,201.82,,940584,,366155,,183078,,,0.20182,0.188117,0.183078,0.183078,,,,,,612209,340447,140235,701175,185971,999,654944,500,231494,200,115747,100,,136155,0.807279,0.188117,0.183078,0.183078,16866,0.20182,0.752467,0.366155,0.366155,18596,0.20182,0.376233,0.73231,0.549233,18596,0.20182,0.376233,0.549233,0.73231,0.0680775,0.0843299,0.0929798,0.0929798,125,,
44,,,,,,,,,,,237032,110104,428748,214374,12486,68994,283687,141844,118871,528977,207843,103922,,,,,189626,,880829,,342999,,171499,,,0.189626,0.176166,0.171499,0.171499,,,,,,624299,344.97,141844,709219,186076,999,66947,500,238564,200,119282,100,,127767,0.758503,0.176166,0.171499,0.171499,158029,0.189626,0.704663,0.342999,0.342999,174245,0.189626,0.352332,0.685997,0.514498,174245,0.189626,0.352332,0.514498,0.685997,0.0638834,0.0790143,0.0871226,0.0871226,125,,
45,,,,,,,,,,,222742,103261,402409,201204,126937,697391,286294,143147,112264,509352,201643,100822,,,,,178193,,826086,,321927,,160964,,,0.178193,0.165217,0.160964,0.160964,,,,,,634687,348695,143147,715735,187.12,999,68696,500,246602,200,123301,100,,119992,0.712773,0.165217,0.160964,0.160964,148292,0.178193,0.660869,0.321927,0.321927,163537,0.178193,0.330435,0.643854,0.482891,163537,0.178193,0.330435,0.482891,0.643854,0.0599959,0.0741458,0.0817687,0.0817687,125,,
46,,,,,,,,,,,209412,9701,378496,189248,12.87,703398,288352,144176,106591,492725,196404,0.982022,,,,,167529,,77608,,302797,,151398,,,0.167529,0.155216,0.151398,0.151398,,,,,,643502,351699,144176,72088,188969,999,706929,500,255444,200,127722,100,,112813,0.670117,0.155216,0.151398,0.151398,139399,0.167529,0.620864,0.302797,0.302797,153775,0.167529,0.310432,0.605593,0.454195,153775,0.167529,0.310432,0.454195,0.605593,0.0564065,0.0696993,0.0768875,0.0768875,125,,
47,,,,,,,,,,,197029,913135,356825,178413,130174,708104,289918,144959,101695,47855,191948,0.959738,,,,,157623,,730508,,28546,,14273,,,0.157623,0.146102,0.14273,0.14273,,,,,,650.87,354052,144959,724795,191506,999,72897,500,26495,200,132475,100,,106206,0.630494,0.146102,0.14273,0.14273,131295,0.157623,0.584407,0.28546,0.28546,144894,0.157623,0.292203,0.57092,0.42819,144894,0.157623,0.292203,0.42819,0.57092,0.0531028,0.0656475,0.0724469,0.0724469,125,,
48,,,,,,,,,,,185567,861324,337217,168609,131382,711641,291045,145522,974532,466412,18814,0.940702,,,,,148454,,689059,,269774,,134887,,,0.148454,0.137812,0.134887,0.134887,,,,,,656912,355821,145522,727612,194634,999,752734,500,275002,200,137501,100,,10014,0.593814,0.137812,0.134887,0.134887,123925,0.148454,0.551247,0.269774,0.269774,136829,0.148454,0.275624,0.539548,0.404661,136829,0.148454,0.275624,0.404661,0.539548,0.05007,0.0619624,0.0684143,0.0684143,125,,
49,,,,,,,,,,,174987,81428,3195,15975,132349,714131,29178,14589,937642,455991,184883,0.924417,,,,,139.99,,651424,,25.56,,12.78,,,0.13999,0.130285,0.1278,0.1278,,,,,,661745,357065,145.89,72945,198266,999,777923,500,285499,200,14275,100,,0.945844,0.559959,0.130285,0.1278,0.1278,117233,0.13999,0.521139,0.2556,0.2556,129516,0.13999,0.26057,0.5112,0.3834,129516,0.13999,0.26057,0.3834,0.5112,0.0472922,0.0586165,0.064758,0.064758,125,,
50,,,,,,,,,,,165246,77163,303511,151756,133095,715683,292168,146084,905474,447043,182102,0.910509,,,,,132197,,617304,,242809,,121404,,,0.132197,0.123461,0.121404,0.121404,,,,,,665475,357841,146084,730419,202328,999,804281,500,296354,200,148177,100,,0.895057,0.528787,0.123461,0.121404,0.121404,111166,0.132197,0.493843,0.242809,0.242809,122895,0.132197,0.246922,0.485618,0.364213,122895,0.132197,0.246922,0.364213,0.485618,0.0447528,0.0555829,0.0614475,0.0614475,125,,
51,,,,,,,,,,,156296,733018,2891,14455,133642,716401,292246,146123,877377,439377,179739,0.898696,,,,,125037,,586415,,23128,,11564,,,0.125037,0.117283,0.11564,0.11564,,,,,,668208,358.2,146123,730616,206755,999,831581,500,307488,200,153744,100,,0.848711,0.500149,0.117283,0.11564,0.11564,105673,0.125037,0.469132,0.23128,0.23128,116908,0.125037,0.234566,0.462559,0.346919,116908,0.125037,0.234566,0.346919,0.462559,0.0424356,0.0528364,0.0584541,0.0584541,125,,
52,,,,,,,,,,,14809,698113,276127,138063,134007,716377,292053,146027,852823,432849,177753,0.888766,,,,,118472,,55849,,220901,,110451,,,0.118472,0.111698,0.110451,0.110451,,,,,,670037,358189,146027,730133,211491,999,859623,500,318833,200,159417,100,,0.806488,0.473888,0.111698,0.110451,0.110451,100707,0.118472,0.446792,0.220901,0.220901,111502,0.118472,0.223396,0.441803,0.331352,111502,0.118472,0.223396,0.331352,0.441803,0.0403244,0.0503533,0.0557511,0.0557511,125,,
53,,,,,,,,,,,140579,666604,264466,132233,134211,715697,29162,14581,831387,427343,176111,0.880557,,,,,112463,,533283,,211573,,105786,,,0.112463,0.106657,0.105786,0.105786,,,,,,671053,357849,145.81,729049,216484,999,888231,500,330328,200,165164,100,,0.76808,0.449851,0.106657,0.105786,0.105786,0.962234,0.112463,0.426626,0.211573,0.211573,106628,0.112463,0.213313,0.423145,0.317359,106628,0.112463,0.213313,0.317359,0.423145,0.038404,0.0481117,0.053314,0.053314,125,,
54,,,,,,,,,,,133715,638207,254002,127001,134267,714438,290976,145488,812721,42277,174789,0.873943,,,,,106972,,510565,,203201,,101601,,,0.106972,0.102113,0.101601,0.101601,,,,,,671337,357219,145488,727441,221691,999,917244,500,341917,200,170959,100,,0.733201,0.427887,0.102113,0.101601,0.101601,0.921827,0.106972,0.408452,0.203201,0.203201,10224,0.106972,0.204226,0.406403,0.304802,10224,0.106972,0.204226,0.304802,0.406403,0.0366601,0.0460913,0.0511201,0.0511201,125,,
55,,,,,,,,,,,127453,612661,24463,122315,134193,71267,290149,145075,796541,419058,173766,0.868829,,,,,101963,,490129,,195704,,978518,,,0.101963,0.0980258,0.0978518,0.0978518,,,,,,670967,356335,145075,725373,227071,999,946519,500,35355,200,176775,100,,0.70158,0.40785,0.0980258,0.0978518,0.0978518,0.885473,0.101963,0.392103,0.195704,0.195704,0.982977,0.101963,0.196052,0.391407,0.293556,0.982977,0.101963,0.196052,0.293556,0.391407,0.035079,0.0442737,0.0491489,0.0491489,125,,
56,,,,,,,,,,,121751,589731,236256,118128,134002,710458,289163,144582,782616,416153,173028,0.865138,,,,,974008,,471784,,189005,,945024,,,0.0974008,0.0943569,0.0945024,0.0945024,,,,,,670012,355229,144582,722908,232587,999,975925,500,365179,200,18259,100,,0.672965,0.389603,0.0943569,0.0945024,0.0945024,0.852838,0.0974008,0.377428,0.189005,0.189005,0.947631,0.0974008,0.188714,0.378009,0.283507,0.947631,0.0974008,0.188714,0.283507,0.378009,0.0336482,0.0426419,0.0473816,0.0473816,125,,
57,,,,,,,,,,,116568,569199,228796,114398,133707,70786,28804,14402,770754,414007,172563,0.862813,,,,,932542,,455359,,183037,,915183,,,0.0932542,0.0910718,0.0915183,0.0915183,,,,,,668537,353.93,144.02,72.01,238209,999,100534,500,376763,200,188382,100,,0.647125,0.373017,0.0910718,0.0915183,0.0915183,0.823615,0.0932542,0.364287,0.183037,0.183037,0.916026,0.0932542,0.182144,0.366073,0.274555,0.916026,0.0932542,0.182144,0.274555,0.366073,0.0323563,0.0411807,0.0458013,0.0458013,125,,
58,,,,,,,,,,,111866,550871,222174,111087,133321,704929,2868,1434,760798,412585,172361,0.861804,,,,,894926,,440697,,177739,,888695,,,0.0894926,0.0881394,0.0888695,0.0888695,,,,,,666603,352464,143.4,716999,243904,999,103466,500,388262,200,194131,100,,0.623849,0.35797,0.0881394,0.0888695,0.0888695,0.797528,0.0894926,0.352557,0.177739,0.177739,0.887857,0.0894926,0.176279,0.355478,0.266608,0.887857,0.0894926,0.176279,0.266608,0.355478,0.0311924,0.0398764,0.0443929,0.0443929,125,,
59,,,,,,,,,,,10761,534572,216321,108161,132853,701713,285461,14273,752615,411856,172414,0.862072,,,,,86088,,427657,,173057,,865285,,,0.086088,0.0855315,0.0865285,0.0865285,,,,,,664264,350856,142.73,713652,249648,999,106378,500,399639,200,19982,100,,0.602941,0.344352,0.0855315,0.0865285,0.0865285,0.774328,0.086088,0.342126,0.173057,0.173057,0.86285,0.086088,0.171063,0.346114,0.259585,0.86285,0.086088,0.171063,0.259585,0.346114,0.030147,0.0387164,0.0431425,0.0431425,125,,
60,,,,,,,,,,,103768,520142,211178,105589,132314,698257,284039,14202,746097,411796,172717,0.863585,,,,,830147,,416114,,168942,,844711,,,0.0830147,0.0832227,0.0844711,0.0844711,,,,,,661571,349129,142.02,710099,255415,999,109.26,500,41086,200,20543,100,,0.584224,0.332059,0.0832227,0.0844711,0.0844711,0.75379,0.0830147,0.332891,0.168942,0.168942,0.840758,0.0830147,0.166445,0.337884,0.253413,0.840758,0.0830147,0.166445,0.253413,0.337884,0.0292112,0.0376895,0.0420379,0.0420379,125,,
61,,,,,,,,,,,100311,50744,206689,103344,131714,694601,282551,141276,741151,412382,173263,0.866314,,,,,802487,,405952,,165351,,826756,,,0.0802487,0.0811904,0.0826756,0.0826756,,,,,,658.57,347301,141276,706378,261182,999,112104,500,421893,200,210947,100,,0.567537,0.320995,0.0811904,0.0826756,0.0826756,0.735713,0.0802487,0.324762,0.165351,0.165351,0.821358,0.0802487,0.162381,0.330702,0.248027,0.821358,0.0802487,0.162381,0.248027,0.330702,0.0283768,0.0367856,0.0410679,0.0410679,125,,
62,,,,,,,,,,,972107,496337,202806,101403,131061,690782,281009,140505,737699,413597,174047,0.870234,,,,,777686,,39707,,162245,,811224,,,0.0777686,0.079414,0.0811224,0.0811224,,,,,,655304,345391,140505,702523,266928,999,114902,500,432708,200,216354,100,,0.552733,0.311074,0.079414,0.0811224,0.0811224,0.719914,0.0777686,0.317656,0.162245,0.162245,0.804453,0.0777686,0.158828,0.32449,0.243367,0.804453,0.0777686,0.158828,0.243367,0.32449,0.0276366,0.0359957,0.0402227,0.0402227,125,,
63,,,,,,,,,,,944428,486719,199485,0.997427,130362,686834,279427,139713,735675,415424,175064,0.87532,,,,,755543,,389375,,159588,,797942,,,0.0755543,0.077875,0.0797942,0.0797942,,,,,,651812,343417,139713,698567,272634,999,117645,500,443277,200,221638,100,,0.53968,0.302217,0.077875,0.0797942,0.0797942,0.706231,0.0755543,0.3115,0.159588,0.159588,0.789863,0.0755543,0.15575,0.319177,0.239382,0.789863,0.0755543,0.15575,0.239382,0.319177,0.026984,0.0353115,0.0394932,0.0394932,125,,
64,,,,,,,,,,,919847,478481,196688,0.983442,129626,682788,277815,138908,735022,417848,17631,0.881551,,,,,735877,,382785,,157351,,786753,,,0.0735877,0.076557,0.0786753,0.0786753,,,,,,648131,341394,138908,694538,278281,999,120328,500,453572,200,226786,100,,0.528259,0.294351,0.076557,0.0786753,0.0786753,0.694517,0.0735877,0.306228,0.157351,0.157351,0.777429,0.0735877,0.153114,0.314701,0.236026,0.777429,0.0735877,0.153114,0.236026,0.314701,0.0264129,0.0347258,0.0388715,0.0388715,125,,
65,,,,,,,,,,,898157,471531,19438,0.971899,128859,678671,276185,138093,735689,420855,17778,0.888902,,,,,718525,,377225,,155504,,777519,,,0.0718525,0.075445,0.0777519,0.0777519,,,,,,644294,339335,138093,690463,283853,999,122942,500,46357,200,231785,100,,0.518359,0.28741,0.075445,0.0777519,0.0777519,0.68464,0.0718525,0.30178,0.155504,0.155504,0.767006,0.0718525,0.15089,0.311008,0.233256,0.767006,0.0718525,0.15089,0.233256,0.311008,0.0259179,0.034232,0.0383503,0.0383503,125,,
66,,,,,,,,,,,87917,465786,192529,0.962643,128066,67451,274546,137273,737632,424432,17947,0.897351,,,,,703336,,372628,,154023,,770114,,,0.0703336,0.0745257,0.0770114,0.0770114,,,,,,640332,337255,137273,686366,289334,999,125482,500,473246,200,236623,100,,0.509883,0.281335,0.0745257,0.0770114,0.0770114,0.676482,0.0703336,0.298103,0.154023,0.154023,0.758465,0.0703336,0.149051,0.308046,0.231034,0.758465,0.0703336,0.149051,0.231034,0.308046,0.0254942,0.0338241,0.0379233,0.0379233,125,,
67,,,,,,,,,,,862718,461169,191106,0.955532,127255,67033,272907,136454,740812,428563,181374,0.906871,,,,,690174,,368935,,152885,,764425,,,0.0690174,0.073787,0.0764425,0.0764425,,,,,,636274,335165,136454,682269,294709,999,127942,500,482578,200,241289,100,,0.502742,0.27607,0.073787,0.0764425,0.0764425,0.669936,0.0690174,0.295148,0.152885,0.152885,0.751689,0.0690174,0.147574,0.30577,0.229328,0.751689,0.0690174,0.147574,0.229328,0.30577,0.0251371,0.0334968,0.0375845,0.0375845,125,,
68,,,,,,,,,,,848645,457613,190087,0.950437,126429,666151,271277,135638,745192,433236,183487,0.917436,,,,,678916,,36609,,15207,,76035,,,0.0678916,0.073218,0.076035,0.076035,,,,,,632144,333075,135638,678192,299964,999,130316,500,491546,200,245773,100,,0.496854,0.271566,0.073218,0.076035,0.076035,0.664904,0.0678916,0.292872,0.15207,0.15207,0.746573,0.0678916,0.146436,0.30414,0.228105,0.746573,0.0678916,0.146436,0.228105,0.30414,0.0248427,0.0332452,0.0373286,0.0373286,125,,
69,,,,,,,,,,,83681,455055,189449,0.947244,125594,661995,269662,134831,750738,438435,185803,0.929015,,,,,669448,,364044,,151559,,757795,,,0.0669448,0.0728088,0.0757795,0.0757795,,,,,,627969,330997,134831,674156,305087,999,132598,500,50013,200,250065,100,,0.492147,0.267779,0.0728088,0.0757795,0.0757795,0.661298,0.0669448,0.291235,0.151559,0.151559,0.743019,0.0669448,0.145618,0.303118,0.227339,0.743019,0.0669448,0.145618,0.227339,0.303118,0.0246074,0.0330649,0.037151,0.037151,125,,
70,,,,,,,,,,,827086,45344,189169,0.945846,124754,657879,268071,134035,757414,444143,188315,0.941573,,,,,661669,,362752,,151335,,756677,,,0.0661669,0.0725503,0.0756677,0.0756677,,,,,,623769,328.94,134035,670176,310064,999,134785,500,508312,200,254156,100,,0.488553,0.264668,0.0725503,0.0756677,0.0756677,0.659039,0.0661669,0.290201,0.151335,0.151335,0.740941,0.0661669,0.145101,0.302671,0.227003,0.740941,0.0661669,0.145101,0.227003,0.302671,0.0244277,0.0329519,0.0370471,0.0370471,125,,
71,,,,,,,,,,,819355,452714,189229,0.946145,123913,653823,266508,133254,765189,450343,191014,0.955072,,,,,655484,,362171,,151383,,756916,,,0.0655484,0.0724343,0.0756916,0.0756916,,,,,,619566,326911,133254,666271,314885,999,136872,500,516075,200,258038,100,,0.486011,0.262194,0.0724343,0.0756916,0.0756916,0.658052,0.0655484,0.289737,0.151383,0.151383,0.740258,0.0655484,0.144869,0.302766,0.227075,0.740258,0.0655484,0.144869,0.227075,0.302766,0.0243006,0.0329026,0.0370129,0.0370129,125,,
72,,,,,,,,,,,81351,452831,18961,0.948049,123076,64984,264981,132491,774027,457014,193894,0.96947,,,,,650808,,362265,,151688,,758439,,,0.0650808,0.072453,0.0758439,0.0758439,,,,,,615.38,324.92,132491,662453,319.54,999,138853,500,523406,200,261703,100,,0.484464,0.260323,0.072453,0.0758439,0.0758439,0.658268,0.0650808,0.289812,0.151688,0.151688,0.740894,0.0650808,0.144906,0.303376,0.227532,0.740894,0.0650808,0.144906,0.227532,0.303376,0.0242232,0.0329134,0.0370447,0.0370447,125,,
73,,,,,,,,,,,809453,453746,190294,0.951472,122245,645947,263495,131748,783893,464134,196944,0.984718,,,,,647562,,362996,,152236,,761178,,,0.0647562,0.0725993,0.0761178,0.0761178,,,,,,611227,322973,131748,658738,324017,999,140727,500,530289,200,265144,100,,0.48386,0.259025,0.0725993,0.0761178,0.0761178,0.659624,0.0647562,0.290397,0.152236,0.152236,0.742779,0.0647562,0.145199,0.304471,0.228353,0.742779,0.0647562,0.145199,0.228353,0.304471,0.024193,0.0329812,0.037139,0.037139,125,,
74,,,,,,,,,,,807091,455415,191267,0.956333,121425,642156,262055,131027,794749,47168,200153,100076,,,,,645673,,364332,,153013,,765067,,,0.0645673,0.0728664,0.0765067,0.0765067,,,,,,607125,321078,131027,655137,328308,999,142489,500,536712,200,268356,100,,0.484149,0.258269,0.0728664,0.0765067,0.0765067,0.662059,0.0645673,0.291465,0.153013,0.153013,0.745847,0.0645673,0.145733,0.306027,0.22952,0.745847,0.0645673,0.145733,0.22952,0.306027,0.0242074,0.033103,0.0372923,0.0372923,125,,
75,,,,,,,,,,,80634,457799,192511,0.962553,120618,638481,260665,130333,806554,479622,203509,101754,,,,,645072,,366239,,154009,,770043,,,0.0645072,0.0732478,0.0770043,0.0770043,,,,,,603089,319241,130333,651663,332404,999,144135,500,542666,200,271333,100,,0.485285,0.258029,0.0732478,0.0770043,0.0770043,0.665515,0.0645072,0.292991,0.154009,0.154009,0.750033,0.0645072,0.146496,0.308017,0.231013,0.750033,0.0645072,0.146496,0.231013,0.308017,0.0242643,0.0332758,0.0375016,0.0375016,125,,
76,,,,,,,,,,,807118,460858,194011,0.970055,119827,634933,25933,129665,819262,487931,206999,103499,,,,,645695,,368686,,155209,,776044,,,0.0645695,0.0737372,0.0776044,0.0776044,,,,,,599133,317466,129665,648325,336298,999,145665,500,548141,200,27407,100,,0.487224,0.258278,0.0737372,0.0776044,0.0776044,0.669936,0.0645695,0.294949,0.155209,0.155209,0.755275,0.0645695,0.147474,0.310418,0.232813,0.755275,0.0645695,0.147474,0.232813,0.310418,0.0243612,0.0334968,0.0377637,0.0377637,125,,
77,,,,,,,,,,,809351,464554,195752,0.978762,119054,631522,258054,129027,832825,496574,210608,105304,,,,,647481,,371643,,156602,,78301,,,0.0647481,0.0743287,0.078301,0.078301,,,,,,595.27,315761,129027,645134,339982,999,147075,500,55313,200,276565,100,,0.489923,0.258992,0.0743287,0.078301,0.078301,0.675267,0.0647481,0.297315,0.156602,0.156602,0.761512,0.0647481,0.148657,0.313204,0.234903,0.761512,0.0647481,0.148657,0.234903,0.313204,0.0244961,0.0337633,0.0380756,0.0380756,125,,
78,,,,,,,,,,,812963,46885,19772,0.988599,118303,628257,256839,12842,847188,505513,21432,10716,,,,,65037,,37508,,158176,,790879,,,0.065037,0.075016,0.0790879,0.0790879,,,,,,591513,314129,128.42,642098,343.45,999,148363,500,557629,200,278814,100,,0.49334,0.260148,0.075016,0.0790879,0.0790879,0.681453,0.065037,0.300064,0.158176,0.158176,0.768684,0.065037,0.150032,0.316352,0.237264,0.768684,0.065037,0.150032,0.237264,0.316352,0.024667,0.0340726,0.0384342,0.0384342,125,,
79,,,,,,,,,,,817883,473707,199897,0.999487,117574,625148,25569,127845,862294,51471,218119,109059,,,,,654307,,378966,,159918,,79959,,,0.0654307,0.0757932,0.079959,0.079959,,,,,,587872,312574,127845,639224,346697,999,149529,500,561633,200,280817,100,,0.497434,0.261723,0.0757932,0.079959,0.079959,0.688439,0.0654307,0.303173,0.159918,0.159918,0.77673,0.0654307,0.151586,0.319836,0.239877,0.77673,0.0654307,0.151586,0.239877,0.319836,0.0248717,0.034422,0.0388365,0.0388365,125,,
80,,,,,,,,,,,824042,479088,20227,101135,116872,622202,254608,127304,878077,52412,221984,110992,,,,,659234,,38327,,161816,,809079,,,0.0659234,0.076654,0.0809079,0.0809079,,,,,,584359,311101,127304,636521,349718,999,150572,500,565143,200,282571,100,,0.502163,0.263693,0.076654,0.0809079,0.0809079,0.696171,0.0659234,0.306616,0.161816,0.161816,0.785587,0.0659234,0.153308,0.323632,0.242724,0.785587,0.0659234,0.153308,0.242724,0.323632,0.0251082,0.0348086,0.0392793,0.0392793,125,,
81,,,,,,,,,,,831369,484952,204821,10241,116196,619426,253597,126798,894468,533697,225898,112949,,,,,665095,,387962,,163856,,819282,,,0.0665095,0.0775923,0.0819282,0.0819282,,,,,,580982,309713,126798,633992,352509,999,151491,500,568159,200,284079,100,,0.507487,0.266038,0.0775923,0.0819282,0.0819282,0.704592,0.0665095,0.310369,0.163856,0.163856,0.795192,0.0665095,0.155185,0.327713,0.245785,0.795192,0.0665095,0.155185,0.245785,0.327713,0.0253743,0.0352296,0.0397596,0.0397596,125,,
82,,,,,,,,,,,839793,49126,207533,103767,11555,616825,252658,126329,91139,543392,229837,114919,,,,,671835,,393008,,166027,,830133,,,0.0671835,0.0786017,0.0830133,0.0830133,,,,,,577.75,308412,126329,631645,355067,999,152287,500,570684,200,285342,100,,0.513362,0.268734,0.0786017,0.0830133,0.0830133,0.713643,0.0671835,0.314407,0.166027,0.166027,0.80548,0.0671835,0.157203,0.332053,0.24904,0.80548,0.0671835,0.157203,0.24904,0.332053,0.0256681,0.0356822,0.040274,0.040274,125,,
83,,,,,,,,,,,849244,497971,210391,105195,114934,614404,251792,125896,928761,553154,233782,116891,,,,,679395,,398377,,168313,,841563,,,0.0679395,0.0796754,0.0841563,0.0841563,,,,,,574.67,307202,125896,629481,357.39,999,152.96,500,572725,200,286363,100,,0.519746,0.271758,0.0796754,0.0841563,0.0841563,0.723266,0.0679395,0.318702,0.168313,0.168313,0.816385,0.0679395,0.159351,0.336625,0.252469,0.816385,0.0679395,0.159351,0.252469,0.336625,0.0259873,0.0361633,0.0408192,0.0408192,125,,
84,,,,,,,,,,,859648,505042,213375,106688,11435,612169,251002,125501,946496,562929,237709,118854,,,,,687718,,404033,,17.07,,853501,,,0.0687718,0.0808067,0.0853501,0.0853501,,,,,,571.75,306084,125501,627505,359478,999,153512,500,574289,200,287145,100,,0.526594,0.275087,0.0808067,0.0853501,0.0853501,0.733399,0.0687718,0.323227,0.1707,0.1707,0.827836,0.0687718,0.161613,0.3414,0.25605,0.827836,0.0687718,0.161613,0.25605,0.3414,0.0263297,0.0366699,0.0413918,0.0413918,125,,
85,,,,,,,,,,,870931,512428,216468,108234,113799,61012,250288,125144,964501,57266,241594,120797,,,,,696745,,409942,,173174,,865872,,,0.0696745,0.0819885,0.0865872,0.0865872,,,,,,568995,305.06,125144,625719,361331,999,153946,500,575388,200,287694,100,,0.533861,0.278698,0.0819885,0.0865872,0.0865872,0.743977,0.0696745,0.327954,0.173174,0.173174,0.839762,0.0696745,0.163977,0.346349,0.259762,0.839762,0.0696745,0.163977,0.259762,0.346349,0.026693,0.0371989,0.0419881,0.0419881,125,,
86,,,,,,,,,,,883015,520084,21965,109825,113282,608261,249649,124825,982681,582291,245416,122708,,,,,706412,,416067,,17572,,878601,,,0.0706412,0.0832135,0.0878601,0.0878601,,,,,,566.41,304131,124825,624123,362949,999,154263,500,576033,200,288016,100,,0.541498,0.282565,0.0832135,0.0878601,0.0878601,0.754936,0.0706412,0.332854,0.17572,0.17572,0.852089,0.0706412,0.166427,0.35144,0.26358,0.852089,0.0706412,0.166427,0.26358,0.35144,0.0270749,0.0377468,0.0426044,0.0426044,125,,
87,,,,,,,,,,,89582,527964,222903,111451,11.28,606593,249088,124544,100093,591765,249149,124575,,,,,716656,,422371,,178322,,891611,,,0.0716656,0.0844742,0.0891611,0.0891611,,,,,,564,303297,124544,622719,364334,999,154466,500,57624,200,28812,100,,0.549459,0.286662,0.0844742,0.0891611,0.0891611,0.766207,0.0716656,0.337897,0.178322,0.178322,0.864742,0.0716656,0.168948,0.356644,0.267483,0.864742,0.0716656,0.168948,0.267483,0.356644,0.0274729,0.0383103,0.0432371,0.0432371,125,,
88,,,,,,,,,,,909265,536018,226205,113103,112354,605116,248602,124301,101916,601025,252773,126386,,,,,727412,,428815,,180964,,904821,,,0.0727412,0.085763,0.0904821,0.0904821,,,,,,561768,302558,124301,621505,365491,999,154.56,500,576027,200,288013,100,,0.557692,0.290965,0.085763,0.0904821,0.0904821,0.777721,0.0727412,0.343052,0.180964,0.180964,0.877642,0.0727412,0.171526,0.361928,0.271446,0.877642,0.0727412,0.171526,0.271446,0.361928,0.0278846,0.0388861,0.0438821,0.0438821,125,,
89,,,,,,,,,,,923265,544199,229538,114769,111943,603829,248191,124096,103725,610014,256263,128132,,,,,738612,,435359,,18363,,918151,,,0.0738612,0.0870718,0.0918151,0.0918151,,,,,,559715,301915,124096,620479,366424,999,154.55,500,575413,200,287706,100,,0.566147,0.295445,0.0870718,0.0918151,0.0918151,0.789409,0.0738612,0.348287,0.18363,0.18363,0.890711,0.0738612,0.174144,0.36726,0.275445,0.890711,0.0738612,0.174144,0.275445,0.36726,0.0283073,0.0394704,0.0445355,0.0445355,125,,
90,,,,,,,,,,,937731,552456,23288,11644,111569,60273,247855,123928,10551,618679,2596,1298,,,,,750185,,441964,,186304,,931519,,,0.0750185,0.0883929,0.0931519,0.0931519,,,,,,557845,301365,123928,619638,367137,999,154438,500,57442,200,28721,100,,0.574771,0.300074,0.0883929,0.0931519,0.0931519,0.801198,0.0750185,0.353572,0.186304,0.186304,0.903868,0.0750185,0.176786,0.372608,0.279456,0.903868,0.0750185,0.176786,0.279456,0.372608,0.0287385,0.0400599,0.0451934,0.0451934,125,,
91,,,,,,,,,,,952576,560738,236211,118105,111231,601817,247592,123796,10726,626967,262763,131381,,,,,762061,,44859,,188969,,944844,,,0.0762061,0.0897181,0.0944844,0.0944844,,,,,,556156,300908,123796,61898,367638,999,154232,500,573072,200,286536,100,,0.583511,0.304824,0.0897181,0.0944844,0.0944844,0.813016,0.0762061,0.358872,0.188969,0.188969,0.917033,0.0762061,0.179436,0.377938,0.283453,0.917033,0.0762061,0.179436,0.283453,0.377938,0.0291756,0.0406508,0.0458517,0.0458517,125,,
92,,,,,,,,,,,967708,568996,239511,119756,11093,601086,247399,1237,108966,634832,265735,132867,,,,,774166,,455197,,191609,,958044,,,0.0774166,0.0910394,0.0958044,0.0958044,,,,,,554.65,300543,123.7,618498,367934,999,153937,500,571394,200,285697,100,,0.592315,0.309666,0.0910394,0.0958044,0.0958044,0.824792,0.0774166,0.364158,0.191609,0.191609,0.930127,0.0774166,0.182079,0.383218,0.287413,0.930127,0.0774166,0.182079,0.287413,0.383218,0.0296157,0.0412396,0.0465063,0.0465063,125,,
93,,,,,,,,,,,983034,577181,24276,12138,110665,600532,247276,123638,110618,642229,268499,134249,,,,,786427,,461744,,194208,,971041,,,0.0786427,0.0923489,0.0971041,0.0971041,,,,,,553324,300266,123638,618189,368034,999,153.56,500,569414,200,284707,100,,0.601128,0.314571,0.0923489,0.0971041,0.0971041,0.836455,0.0786427,0.369396,0.194208,0.194208,0.943069,0.0786427,0.184698,0.388417,0.291312,0.943069,0.0786427,0.184698,0.291312,0.388417,0.0300564,0.0418227,0.0471535,0.0471535,125,,
94,,,,,,,,,,,998462,585242,245939,12297,110435,60015,247218,123609,112205,649119,271041,135521,,,,,79877,,468194,,196751,,983757,,,0.079877,0.0936388,0.0983757,0.0983757,,,,,,552176,300075,123609,618045,367947,999,153106,500,567159,200,28358,100,,0.609898,0.319508,0.0936388,0.0983757,0.0983757,0.847935,0.079877,0.374555,0.196751,0.196751,0.955785,0.079877,0.187278,0.393503,0.295127,0.955785,0.079877,0.187278,0.295127,0.393503,0.0304949,0.0423968,0.0477892,0.0477892,125,,
95,,,,,,,,,,,10139,593134,24903,124515,110241,599933,247223,123612,11372,655469,273351,136676,,,,,81112,,474507,,199224,,996119,,,0.081112,0.0949015,0.0996119,0.0996119,,,,,,551205,299967,123612,618058,367683,999,152583,500,564659,200,28233,100,,0.618573,0.324448,0.0949015,0.0996119,0.0996119,0.859166,0.081112,0.379606,0.199224,0.199224,0.968198,0.081112,0.189803,0.398448,0.298836,0.968198,0.081112,0.189803,0.298836,0.398448,0.0309287,0.0429583,0.0484099,0.0484099,125,,
96,,,,,,,,,,,102926,600811,252014,126007,110081,599875,247289,123644,115153,661252,27542,13771,,,,,823405,,480649,,201611,,100806,,,0.0823405,0.0961298,0.100806,0.100806,,,,,,550405,299938,123644,618222,367255,999,151997,500,561944,200,280972,100,,0.627103,0.329362,0.0961298,0.100806,0.100806,0.870082,0.0823405,0.384519,0.201611,0.201611,0.980239,0.0823405,0.19226,0.403223,0.302417,0.980239,0.0823405,0.19226,0.302417,0.403223,0.0313551,0.0435041,0.049012,0.049012,125,,
97,,,,,,,,,,,104444,608231,254876,127438,109954,599968,247411,123706,116499,666446,277241,138621,,,,,835552,,486584,,203901,,10195,,,0.0835552,0.0973169,0.10195,0.10195,,,,,,549772,299984,123706,618528,366673,999,151358,500,559043,200,279522,100,,0.635438,0.334221,0.0973169,0.10195,0.10195,0.880624,0.0835552,0.389268,0.203901,0.203901,0.991842,0.0835552,0.194634,0.407802,0.305851,0.991842,0.0835552,0.194634,0.305851,0.407802,0.0317719,0.0440312,0.0495921,0.0495921,125,,
98,,,,,,,,,,,105936,615352,257601,1288,10986,600203,247586,123793,117751,671038,278812,139406,,,,,847492,,492282,,206081,,10304,,,0.0847492,0.0984564,0.10304,0.10304,,,,,,549301,300101,123793,618966,365.95,999,150.67,500,555988,200,277994,100,,0.643534,0.338997,0.0984564,0.10304,0.10304,0.890736,0.0847492,0.393826,0.206081,0.206081,100294,0.0847492,0.196913,0.412161,0.309121,100294,0.0847492,0.196913,0.309121,0.412161,0.0321767,0.0445368,0.0501472,0.0501472,125,,
99,,,,,,,,,,,107395,62214,260175,130087,109797,600571,24781,123905,118903,675019,280133,140066,,,,,859158,,497712,,20814,,10407,,,0.0859158,0.0995425,0.10407,0.10407,,,,,,548985,300285,123905,619526,365099,999,149943,500,552808,200,276404,100,,0.651346,0.343663,0.0995425,0.10407,0.10407,0.900365,0.0859158,0.39817,0.20814,0.20814,101349,0.0859158,0.199085,0.41628,0.31221,101349,0.0859158,0.199085,0.31221,0.41628,0.0325673,0.0450183,0.0506745,0.0506745,125,,
100,,,,,,,,,,,108811,628562,262587,131293,109764,601062,248079,12404,119952,678389,281205,140602,,,,,870488,,502849,,210069,,105035,,,0.0870488,0.10057,0.105035,0.105035,,,,,,548818,300531,124.04,620199,364133,999,149184,500,549533,200,274767,100,,0.658834,0.348195,0.10057,0.105035,0.105035,0.909467,0.0870488,0.40228,0.210069,0.210069,102343,0.0870488,0.20114,0.420139,0.315104,102343,0.0870488,0.20114,0.315104,0.420139,0.0329417,0.0454733,0.0511715,0.0511715,125,,
101,,,,,,,,,,,110178,634588,264826,132413,109758,601667,248389,124195,120894,681153,282033,141017,,,,,881421,,507671,,211861,,105931,,,0.0881421,0.101534,0.105931,0.105931,,,,,,548792,300834,124195,620973,363066,999,148399,500,546193,200,273096,100,,0.665964,0.352568,0.101534,0.105931,0.105931,0.918001,0.0881421,0.406137,0.211861,0.211861,103272,0.0881421,0.203068,0.423722,0.317792,103272,0.0881421,0.203068,0.317792,0.423722,0.0332982,0.0459,0.0516362,0.0516362,125,,
102,,,,,,,,,,,111488,640196,266886,133443,10978,602376,248736,124368,121729,683323,282625,141313,,,,,891904,,512157,,213509,,106754,,,0.0891904,0.102431,0.106754,0.106754,,,,,,548899,301188,124368,621839,361911,999,147597,500,542814,200,271407,100,,0.672702,0.356762,0.102431,0.106754,0.106754,0.925933,0.0891904,0.409725,0.213509,0.213509,104133,0.0891904,0.204863,0.427017,0.320263,104133,0.0891904,0.204863,0.320263,0.427017,0.0336351,0.0462967,0.0520667,0.0520667,125,,
103,,,,,,,,,,,112736,645364,268759,13438,109826,603177,249114,124557,122455,684914,28299,141495,,,,,901887,,516291,,215008,,107504,,,0.0901887,0.103258,0.107504,0.107504,,,,,,549131,301588,124557,622785,360681,999,146783,500,539423,200,269712,100,,0.679021,0.360755,0.103258,0.107504,0.107504,0.933237,0.0901887,0.413033,0.215008,0.215008,104923,0.0901887,0.206517,0.430015,0.322511,104923,0.0901887,0.206517,0.322511,0.430015,0.033951,0.0466618,0.0524616,0.0524616,125,,
104,,,,,,,,,,,113916,650079,270443,135221,109896,60406,24952,12476,123072,685951,283139,14157,,,,,911328,,520063,,216354,,108177,,,0.0911328,0.104013,0.108177,0.108177,,,,,,549478,302.03,124.76,62.38,359389,999,145964,500,536047,200,268023,100,,0.684898,0.364531,0.104013,0.108177,0.108177,0.939891,0.0911328,0.416051,0.216354,0.216354,10564,0.0911328,0.208025,0.432708,0.324531,10564,0.0911328,0.208025,0.324531,0.432708,0.0342449,0.0469946,0.0528199,0.0528199,125,,
105,,,,,,,,,,,115024,65433,271933,135967,109986,605014,249949,124975,123583,686459,283085,141543,,,,,920189,,523464,,217546,,108773,,,0.0920189,0.104693,0.108773,0.108773,,,,,,549932,302507,124975,624873,358049,999,145147,500,532707,200,266354,100,,0.690315,0.368076,0.104693,0.108773,0.108773,0.945883,0.0920189,0.418771,0.217546,0.217546,106282,0.0920189,0.209385,0.435093,0.32632,106282,0.0920189,0.209385,0.32632,0.435093,0.0345157,0.0472941,0.0531408,0.0531408,125,,
106,,,,,,,,,,,116055,65811,273231,136615,110096,606029,250398,125199,12399,686469,282842,141421,,,,,928438,,526488,,218585,,109292,,,0.0928438,0.105298,0.109292,0.109292,,,,,,550482,303014,125199,625995,356674,999,144337,500,529426,200,264713,100,,0.695258,0.371375,0.105298,0.109292,0.109292,0.951203,0.0928438,0.421191,0.218585,0.218585,106848,0.0928438,0.210595,0.437169,0.327877,106848,0.0928438,0.210595,0.327877,0.437169,0.0347629,0.0475602,0.0534242,0.0534242,125,,
107,,,,,,,,,,,117007,661419,274337,137168,110224,607094,250861,125431,124296,686014,282425,141213,,,,,936052,,529136,,219469,,109735,,,0.0936052,0.105827,0.109735,0.109735,,,,,,551.12,303547,125431,627153,355275,999,143.54,500,526224,200,263112,100,,0.699717,0.374421,0.105827,0.109735,0.109735,0.955852,0.0936052,0.423308,0.219469,0.219469,10734,0.0936052,0.211654,0.438939,0.329204,10734,0.0936052,0.211654,0.329204,0.438939,0.0349859,0.0477926,0.0536701,0.0536701,125,,
108,,,,,,,,,,,117877,66426,275254,137627,110367,608198,251336,125668,124505,68513,28185,140925,,,,,943012,,531408,,220203,,110102,,,0.0943012,0.106282,0.110102,0.110102,,,,,,551836,304099,125668,628339,353863,999,142.76,500,523119,200,26156,100,,0.70369,0.377205,0.106282,0.110102,0.110102,0.959834,0.0943012,0.425127,0.220203,0.220203,107758,0.0943012,0.212563,0.440407,0.330305,107758,0.0943012,0.212563,0.330305,0.440407,0.0351845,0.0479917,0.0538788,0.0538788,125,,
109,,,,,,,,,,,118663,66664,275987,137994,110524,609333,251817,125908,124622,683855,281134,140567,,,,,949306,,533312,,22079,,110395,,,0.0949306,0.106662,0.110395,0.110395,,,,,,552619,304666,125908,629542,352451,999,142002,500,520126,200,260063,100,,0.707175,0.379723,0.106662,0.110395,0.110395,0.96316,0.0949306,0.426649,0.22079,0.22079,108102,0.0949306,0.213325,0.44158,0.331185,108102,0.0949306,0.213325,0.331185,0.44158,0.0353587,0.048158,0.054051,0.054051,125,,
110,,,,,,,,,,,119366,668568,276543,138271,110692,610487,252301,126151,124653,682229,280292,140146,,,,,954929,,534855,,221234,,110617,,,0.0954929,0.106971,0.110617,0.110617,,,,,,553.46,305244,126151,630753,351047,999,141271,500,51726,200,25863,100,,0.710177,0.381972,0.106971,0.110617,0.110617,0.965845,0.0954929,0.427884,0.221234,0.221234,108375,0.0954929,0.213942,0.442469,0.331851,108375,0.0954929,0.213942,0.331851,0.442469,0.0355088,0.0482923,0.0541877,0.0541877,125,,
111,,,,,,,,,,,119985,67006,276927,138464,11087,611653,252785,126393,124603,680289,27934,13967,,,,,95988,,536048,,221542,,110771,,,0.095988,0.10721,0.110771,0.110771,,,,,,554.35,305827,126393,631963,349662,999,140569,500,514532,200,257266,100,,0.712704,0.383952,0.10721,0.110771,0.110771,0.96791,0.095988,0.428838,0.221542,0.221542,10858,0.095988,0.214419,0.443084,0.332313,10858,0.095988,0.214419,0.332313,0.443084,0.0356352,0.0483955,0.0542902,0.0542902,125,,
112,,,,,,,,,,,120521,671132,277149,138574,111056,612821,253266,126633,124478,678076,278296,139148,,,,,964167,,536905,,221719,,11086,,,0.0964167,0.107381,0.11086,0.11086,,,,,,555.28,306.41,126633,633164,348303,999,139899,500,511952,200,255976,100,,0.714767,0.385667,0.107381,0.11086,0.11086,0.969379,0.0964167,0.429524,0.221719,0.221719,10872,0.0964167,0.214762,0.443438,0.332579,10872,0.0964167,0.214762,0.332579,0.443438,0.0357383,0.048469,0.0543598,0.0543598,125,,
113,,,,,,,,,,,120975,671803,277217,138609,111248,613983,25374,12687,124285,675628,277174,138587,,,,,967799,,537442,,221774,,110887,,,0.0967799,0.107488,0.110887,0.110887,,,,,,556.24,306991,126.87,634349,346.98,999,139264,500,509528,200,254764,100,,0.716382,0.38712,0.107488,0.110887,0.110887,0.970281,0.0967799,0.429954,0.221774,0.221774,108797,0.0967799,0.214977,0.443548,0.332661,108797,0.0967799,0.214977,0.332661,0.443548,0.0358191,0.0485141,0.0543983,0.0543983,125,,
114,,,,,,,,,,,121349,672096,277142,138571,111445,615131,254204,127102,124031,672982,27599,137995,,,,,970793,,537676,,221713,,110857,,,0.0970793,0.107535,0.110857,0.110857,,,,,,557223,307566,127102,63551,345698,999,138667,500,507267,200,253633,100,,0.717566,0.388317,0.107535,0.110857,0.110857,0.970647,0.0970793,0.430141,0.221713,0.221713,108815,0.0970793,0.215071,0.443427,0.33257,108815,0.0970793,0.215071,0.33257,0.443427,0.0358783,0.0485324,0.0544073,0.0544073,125,,
115,,,,,,,,,,,121646,672033,276933,138466,111644,616259,254656,127328,123721,670175,274758,137379,,,,,973169,,537626,,221546,,110773,,,0.0973169,0.107525,0.110773,0.110773,,,,,,558219,308.13,127328,636641,344464,999,138108,500,505172,200,252586,100,,0.718339,0.389268,0.107525,0.110773,0.110773,0.970511,0.0973169,0.430101,0.221546,0.221546,108778,0.0973169,0.21505,0.443093,0.332319,108778,0.0973169,0.21505,0.332319,0.443093,0.035917,0.0485255,0.054389,0.054389,125,,
116,,,,,,,,,,,121869,67164,276602,138301,111844,61736,255094,127547,123363,667241,273491,136745,,,,,974952,,537312,,221281,,110641,,,0.0974952,0.107462,0.110641,0.110641,,,,,,559221,308.68,127547,637736,343284,999,137589,500,503247,200,251624,100,,0.718724,0.389981,0.107462,0.110641,0.110641,0.969907,0.0974952,0.429849,0.221281,0.221281,10869,0.0974952,0.214925,0.442563,0.331922,10869,0.0974952,0.214925,0.331922,0.442563,0.0359362,0.0484954,0.0543452,0.0543452,125,,
117,,,,,,,,,,,122021,670942,276159,138079,112044,618429,255516,127758,122964,664213,272201,136101,,,,,976168,,536754,,220927,,110464,,,0.0976168,0.107351,0.110464,0.110464,,,,,,560221,309214,127758,63879,342162,999,137.11,500,501493,200,250747,100,,0.718745,0.390467,0.107351,0.110464,0.110464,0.968874,0.0976168,0.429403,0.220927,0.220927,108556,0.0976168,0.214701,0.441854,0.331391,108556,0.0976168,0.214701,0.331391,0.441854,0.0359372,0.0484437,0.0542782,0.0542782,125,,
118,,,,,,,,,,,122106,669966,275616,137808,112243,619459,255919,12796,122528,661121,270901,13545,,,,,976847,,535973,,220493,,110246,,,0.0976847,0.107195,0.110246,0.110246,,,,,,561214,309.73,127.96,639799,341101,999,136673,500,49991,200,249955,100,,0.718426,0.390739,0.107195,0.110246,0.110246,0.967449,0.0976847,0.428778,0.220493,0.220493,10838,0.0976847,0.214389,0.440985,0.330739,10838,0.0976847,0.214389,0.330739,0.440985,0.0359213,0.0483724,0.0541899,0.0541899,125,,
119,,,,,,,,,,,122128,66874,274984,137492,112438,620447,256303,128152,122063,657993,2696,1348,,,,,977023,,534992,,219987,,109994,,,0.0977023,0.106998,0.109994,0.109994,,,,,,562192,310224,128152,640758,340106,999,136277,500,498496,200,249248,100,,0.717795,0.390809,0.106998,0.109994,0.109994,0.96567,0.0977023,0.427993,0.219987,0.219987,108165,0.0977023,0.213997,0.439974,0.329981,108165,0.0977023,0.213997,0.329981,0.439974,0.0358897,0.0482835,0.0540827,0.0540827,125,,
120,,,,,,,,,,,122091,667289,274274,137137,11263,62139,256666,128333,121574,654856,268309,134154,,,,,976729,,533831,,219419,,109709,,,0.0976729,0.106766,0.109709,0.109709,,,,,,563.15,310695,128333,641666,339177,999,135922,500,49725,200,248625,100,,0.716877,0.390692,0.106766,0.109709,0.109709,0.963576,0.0976729,0.427065,0.219419,0.219419,107917,0.0976729,0.213532,0.438838,0.329128,107917,0.0976729,0.213532,0.329128,0.438838,0.0358438,0.0481788,0.0539586,0.0539586,125,,
121,,,,,,,,,,,12.2,66564,273496,136748,112817,622282,257007,128504,121067,651732,267035,133518,,,,,976001,,532512,,218797,,109398,,,0.0976001,0.106502,0.109398,0.109398,,,,,,564083,311141,128504,642518,338317,999,135608,500,496166,200,248083,100,,0.7157,0.3904,0.106502,0.109398,0.109398,0.961204,0.0976001,0.42601,0.218797,0.218797,107639,0.0976001,0.213005,0.437594,0.328195,107639,0.0976001,0.213005,0.328195,0.437594,0.035785,0.0480602,0.0538197,0.0538197,125,,
122,,,,,,,,,,,121859,66382,272662,136331,112997,623123,257326,128663,120546,648644,265787,132894,,,,,974875,,531056,,218129,,109065,,,0.0974875,0.106211,0.109065,0.109065,,,,,,564985,311562,128663,643314,337527,999,135333,500,495242,200,247621,100,,0.714291,0.38995,0.106211,0.109065,0.109065,0.958592,0.0974875,0.424845,0.218129,0.218129,107336,0.0974875,0.212423,0.436259,0.327194,107336,0.0974875,0.212423,0.327194,0.436259,0.0357145,0.0479296,0.0536682,0.0536682,125,,
123,,,,,,,,,,,121673,661855,271781,13589,113171,62391,257621,12881,120017,645611,264572,132286,,,,,973387,,529484,,217425,,108712,,,0.0973387,0.105897,0.108712,0.108712,,,,,,565854,311955,128.81,644052,336808,999,135097,500,494472,200,247236,100,,0.712676,0.389355,0.105897,0.108712,0.108712,0.955775,0.0973387,0.423587,0.217425,0.217425,107012,0.0973387,0.211793,0.434849,0.326137,107012,0.0973387,0.211793,0.326137,0.434849,0.0356338,0.0477888,0.0535059,0.0535059,125,,
124,,,,,,,,,,,121447,659767,270863,135431,113337,624641,257892,128946,119484,642648,263395,131697,,,,,971575,,527814,,21669,,108345,,,0.0971575,0.105563,0.108345,0.108345,,,,,,566685,312.32,128946,64473,336158,999,134898,500,49385,200,246925,100,,0.710883,0.38863,0.105563,0.108345,0.108345,0.952789,0.0971575,0.422251,0.21669,0.21669,10667,0.0971575,0.211126,0.43338,0.325035,10667,0.0971575,0.211126,0.325035,0.43338,0.0355441,0.0476395,0.0533349,0.0533349,125,,
125,,,,,,,,,,,121184,657582,269917,134958,113495,625315,258139,12907,118952,639772,262261,13113,,,,,969474,,526066,,215933,,107967,,,0.0969474,0.105213,0.107967,0.107967,,,,,,567475,312657,129.07,645349,335578,999,134736,500,493369,200,246685,100,,0.708936,0.38779,0.105213,0.107967,0.107967,0.949667,0.0969474,0.420853,0.215933,0.215933,106314,0.0969474,0.210426,0.431867,0.3239,106314,0.0969474,0.210426,0.3239,0.431867,0.0354468,0.0474834,0.053157,0.053157,125,,
126,,,,,,,,,,,12089,655322,268952,134476,113644,625931,258363,129182,118423,636996,261174,130587,,,,,967121,,524258,,215161,,107581,,,0.0967121,0.104852,0.107581,0.107581,,,,,,568222,312966,129182,645908,335066,999,134609,500,493023,200,246512,100,,0.706861,0.386849,0.104852,0.107581,0.107581,0.946441,0.0967121,0.419406,0.215161,0.215161,105948,0.0967121,0.209703,0.430322,0.322742,105948,0.0967121,0.209703,0.322742,0.430322,0.0353431,0.047322,0.052974,0.052974,125,,
127,,,,,,,,,,,120569,653008,267975,133988,113785,62649,258563,129282,117901,634329,260139,130069,,,,,964551,,522406,,21438,,10719,,,0.0964551,0.104481,0.10719,0.10719,,,,,,568923,313245,129282,646408,334622,999,134514,500,492805,200,246402,100,,0.704682,0.38582,0.104481,0.10719,0.10719,0.94314,0.0964551,0.417925,0.21438,0.21438,105575,0.0964551,0.208962,0.42876,0.32157,105575,0.0964551,0.208962,0.32157,0.42876,0.0352341,0.047157,0.0527874,0.0527874,125,,
128,,,,,,,,,,,120225,650659,266995,133497,113916,626992,25874,12937,117389,631782,259157,129579,,,,,961796,,520527,,213596,,106798,,,0.0961796,0.104105,0.106798,0.106798,,,,,,569578,313496,129.37,646849,334242,999,134451,500,492706,200,246353,100,,0.70242,0.384719,0.104105,0.106798,0.106798,0.939793,0.0961796,0.416422,0.213596,0.213596,105198,0.0961796,0.208211,0.427192,0.320394,105198,0.0961796,0.208211,0.320394,0.427192,0.035121,0.0469897,0.0525988,0.0525988,125,,
129,,,,,,,,,,,119861,648294,266018,133009,114037,627437,258893,129447,11689,629362,258232,129116,,,,,958891,,518636,,212814,,106407,,,0.0958891,0.103727,0.106407,0.106407,,,,,,570185,313719,129447,647234,333926,999,134418,500,492719,200,246359,100,,0.700098,0.383556,0.103727,0.106407,0.106407,0.936426,0.0958891,0.414908,0.212814,0.212814,104819,0.0958891,0.207454,0.425629,0.319221,104819,0.0958891,0.207454,0.319221,0.425629,0.0350049,0.0468213,0.0524097,0.0524097,125,,
130,,,,,,,,,,,119483,645931,26505,132525,114149,627827,259025,129512,116407,627075,257365,128682,,,,,955865,,516745,,21204,,10602,,,0.0955865,0.103349,0.10602,0.10602,,,,,,570743,313913,129512,647562,333671,999,134412,500,492835,200,246418,100,,0.697735,0.382346,0.103349,0.10602,0.10602,0.933063,0.0955865,0.413396,0.21204,0.21204,104443,0.0955865,0.206698,0.424081,0.31806,104443,0.0955865,0.206698,0.31806,0.424081,0.0348868,0.0466532,0.0522213,0.0522213,125,,
131,,,,,,,,,,,119093,643585,264098,132049,11425,628162,259135,129567,115941,624926,256557,128278,,,,,952748,,514868,,211279,,105639,,,0.0952748,0.102974,0.105639,0.105639,,,,,,571252,314081,129567,647837,333474,999,134432,500,493048,200,246524,100,,0.695351,0.381099,0.102974,0.105639,0.105639,0.929727,0.0952748,0.411895,0.211279,0.211279,10407,0.0952748,0.205947,0.422557,0.316918,10407,0.0952748,0.205947,0.316918,0.422557,0.0347676,0.0464863,0.0520349,0.0520349,125,,
132,,,,,,,,,,,118696,641271,263167,131583,114342,628444,259224,129612,115493,622919,255808,127904,,,,,949568,,513017,,210533,,105267,,,0.0949568,0.102603,0.105267,0.105267,,,,,,571712,314222,129612,648059,333332,999,134476,500,493348,200,246674,100,,0.692964,0.379827,0.102603,0.105267,0.105267,0.926437,0.0949568,0.410414,0.210533,0.210533,103703,0.0949568,0.205207,0.421067,0.3158,103703,0.0949568,0.205207,0.3158,0.421067,0.0346482,0.0463218,0.0518515,0.0518515,125,,
133,,,,,,,,,,,118294,639001,26226,13113,114425,628676,259293,129646,115067,621055,25512,12756,,,,,946351,,511201,,209808,,104904,,,0.0946351,0.10224,0.104904,0.104904,,,,,,572123,314338,129646,648232,333242,999,134542,500,493728,200,246864,100,,0.690589,0.37854,0.10224,0.104904,0.104904,0.923212,0.0946351,0.408961,0.209808,0.209808,103344,0.0946351,0.20448,0.419616,0.314712,103344,0.0946351,0.20448,0.314712,0.419616,0.0345294,0.0461606,0.0516722,0.0516722,125,,
134,,,,,,,,,,,11789,636788,261383,130691,114497,628858,259343,129671,114662,619335,254492,127246,,,,,943121,,509431,,209106,,104553,,,0.0943121,0.101886,0.104553,0.104553,,,,,,572486,314429,129671,648357,333202,999,134628,500,49418,200,24709,100,,0.688241,0.377249,0.101886,0.104553,0.104553,0.920069,0.0943121,0.407544,0.209106,0.209106,102996,0.0943121,0.203772,0.418213,0.31366,102996,0.0943121,0.203772,0.31366,0.418213,0.0344121,0.0460035,0.0514978,0.0514978,125,,
135,,,,,,,,,,,117488,634642,260539,130269,11456,628993,259375,129687,114279,617761,253923,126962,,,,,939901,,507713,,208431,,104215,,,0.0939901,0.101543,0.104215,0.104215,,,,,,572802,314497,129687,648437,333208,999,134732,500,494696,200,247348,100,,0.685934,0.375961,0.101543,0.104215,0.104215,0.917022,0.0939901,0.406171,0.208431,0.208431,102658,0.0939901,0.203085,0.416862,0.312646,102658,0.0939901,0.203085,0.312646,0.416862,0.0342967,0.0458511,0.0513292,0.0513292,125,,
136,,,,,,,,,,,117089,632571,25973,129865,114614,629085,25939,129695,113921,616331,253413,126707,,,,,936712,,506057,,207784,,103892,,,0.0936712,0.101211,0.103892,0.103892,,,,,,573072,314542,129695,648474,333257,999,134852,500,495268,200,247634,100,,0.68368,0.374685,0.101211,0.103892,0.103892,0.914085,0.0936712,0.404845,0.207784,0.207784,102334,0.0936712,0.202423,0.415568,0.311676,102334,0.0936712,0.202423,0.311676,0.415568,0.034184,0.0457042,0.0511669,0.0511669,125,,
137,,,,,,,,,,,116696,630584,25896,12948,114659,629134,259389,129694,113586,615043,252961,12648,,,,,933571,,504467,,207168,,103584,,,0.0933571,0.100893,0.103584,0.103584,,,,,,573297,314567,129694,648472,333346,999,134986,500,495889,200,247944,100,,0.68149,0.373428,0.100893,0.103584,0.103584,0.911267,0.0933571,0.403574,0.207168,0.207168,102023,0.0933571,0.201787,0.414336,0.310752,102023,0.0933571,0.201787,0.310752,0.414336,0.0340745,0.0455634,0.0510116,0.0510116,125,,
138,,,,,,,,,,,116312,628688,258231,129115,114696,629143,259373,129686,113276,613896,252565,126282,,,,,930496,,50295,,206585,,103292,,,0.0930496,0.10059,0.103292,0.103292,,,,,,573479,314572,129686,648432,333471,999,135133,500,496551,200,248275,100,,0.679373,0.372198,0.10059,0.103292,0.103292,0.908579,0.0930496,0.40236,0.206585,0.206585,101728,0.0930496,0.20118,0.413169,0.309877,101728,0.0930496,0.20118,0.309877,0.413169,0.0339687,0.045429,0.0508638,0.0508638,125,,
139,,,,,,,,,,,115938,626888,257544,128772,114724,629116,259343,129672,11299,612887,252224,126112,,,,,927503,,50151,,206035,,103018,,,0.0927503,0.100302,0.103018,0.103018,,,,,,573621,314558,129672,648358,333629,999,135291,500,497248,200,248624,100,,0.677338,0.371001,0.100302,0.103018,0.103018,0.906029,0.0927503,0.401208,0.206035,0.206035,101448,0.0927503,0.200604,0.412071,0.309053,101448,0.0927503,0.200604,0.309053,0.412071,0.0338669,0.0453015,0.0507239,0.0507239,125,,
140,,,,,,,,,,,115576,625189,256901,128451,114745,629055,259301,129651,112729,612012,251935,125968,,,,,924604,,500151,,205521,,10276,,,0.0924604,0.10003,0.10276,0.10276,,,,,,573723,314528,129651,648253,333817,999,135457,500,497973,200,248986,100,,0.675393,0.369842,0.10003,0.10276,0.10276,0.903623,0.0924604,0.400121,0.205521,0.205521,101184,0.0924604,0.20006,0.411042,0.308281,101184,0.0924604,0.20006,0.308281,0.411042,0.0337696,0.0451812,0.0505922,0.0505922,125,,
141,,,,,,,,,,,115227,623595,256303,128151,114758,628963,259248,129624,112492,611267,251698,125849,,,,,921813,,498876,,205042,,102521,,,0.0921813,0.0997751,0.102521,0.102521,,,,,,573788,314481,129624,648119,334031,999,135631,500,498719,200,24936,100,,0.673543,0.368725,0.0997751,0.102521,0.102521,0.901367,0.0921813,0.399101,0.205042,0.205042,100938,0.0921813,0.19955,0.410085,0.307564,100938,0.0921813,0.19955,0.307564,0.410085,0.0336771,0.0450683,0.050469,0.050469,125,,
142,,,,,,,,,,,114892,622108,25575,127875,114763,628841,259184,129592,11228,610648,251511,125755,,,,,919138,,497686,,20.46,,10.23,,,0.0919138,0.0995372,0.1023,0.1023,,,,,,573817,314421,129592,64796,334269,999,135811,500,499481,200,24974,100,,0.671793,0.367655,0.0995372,0.1023,0.1023,0.899263,0.0919138,0.398149,0.2046,0.2046,100709,0.0919138,0.199074,0.4092,0.3069,100709,0.0919138,0.199074,0.3069,0.4092,0.0335896,0.0449632,0.0503544,0.0503544,125,,
143,,,,,,,,,,,114574,62073,255243,127622,114763,628694,259111,129555,112091,61015,25137,125685,,,,,91659,,496584,,204195,,102097,,,0.091659,0.0993168,0.102097,0.102097,,,,,,573814,314347,129555,647777,334527,999,135994,500,500252,200,250126,100,,0.670147,0.366636,0.0993168,0.102097,0.102097,0.897315,0.091659,0.397267,0.204195,0.204195,100497,0.091659,0.198634,0.408389,0.306292,100497,0.091659,0.198634,0.306292,0.408389,0.0335074,0.0448658,0.0502487,0.0502487,125,,
144,,,,,,,,,,,114272,619463,254782,127391,114756,628524,259029,129515,111926,609768,251274,125637,,,,,914175,,49557,,203825,,101913,,,0.0914175,0.099114,0.101913,0.101913,,,,,,573.78,314262,129515,647574,334802,999,136181,500,501027,200,250514,100,,0.66861,0.36567,0.099114,0.101913,0.101913,0.895525,0.0914175,0.396456,0.203825,0.203825,100303,0.0914175,0.198228,0.407651,0.305738,100303,0.0914175,0.198228,0.305738,0.407651,0.0334305,0.0447762,0.0501517,0.0501517,125,,
145,,,,,,,,,,,113988,618306,254366,127183,114744,628333,258941,129471,111784,609496,25122,12561,,,,,91.19,,494645,,203493,,101746,,,0.09119,0.098929,0.101746,0.101746,,,,,,573718,314166,129471,647353,335092,999,136369,500,501801,200,250901,100,,0.667182,0.36476,0.098929,0.101746,0.101746,0.893892,0.09119,0.395716,0.203493,0.203493,100127,0.09119,0.197858,0.406986,0.305239,100127,0.09119,0.197858,0.305239,0.406986,0.0333591,0.0446946,0.0500636,0.0500636,125,,
146,,,,,,,,,,,113721,61726,253995,126998,114726,628124,258847,129423,111663,60933,251206,125603,,,,,909769,,493808,,203196,,101598,,,0.0909769,0.0987616,0.101598,0.101598,,,,,,573.63,314062,129423,647117,335393,999,136557,500,50257,200,251285,100,,0.665865,0.363908,0.0987616,0.101598,0.101598,0.892415,0.0909769,0.395046,0.203196,0.203196,0.999686,0.0909769,0.197523,0.406392,0.304794,0.999686,0.0909769,0.197523,0.304794,0.406392,0.0332933,0.0446208,0.0499843,0.0499843,125,,
147,,,,,,,,,,,113473,616323,253668,126834,114704,627899,258747,129374,111564,609262,25123,125615,,,,,907785,,493059,,202935,,101467,,,0.0907785,0.0986117,0.101467,0.101467,,,,,,573518,313949,129374,646869,335703,999,136745,500,503328,200,251664,100,,0.664661,0.363114,0.0986117,0.101467,0.101467,0.891095,0.0907785,0.394447,0.202935,0.202935,0.998274,0.0907785,0.197223,0.40587,0.304402,0.998274,0.0907785,0.197223,0.304402,0.40587,0.033233,0.0445547,0.0499137,0.0499137,125,,
148,,,,,,,,,,,113244,615494,253385,126693,114677,627661,258644,129322,111486,609288,251288,125644,,,,,905952,,492395,,202708,,101354,,,0.0905952,0.0984791,0.101354,0.101354,,,,,,573385,313831,129322,64661,336.02,999,136.93,500,504072,200,252036,100,,0.663568,0.362381,0.0984791,0.101354,0.101354,0.889928,0.0905952,0.393916,0.202708,0.202708,0.997031,0.0905952,0.196958,0.405416,0.304062,0.997031,0.0905952,0.196958,0.304062,0.405416,0.0331784,0.0444964,0.0498516,0.0498516,125,,
149,,,,,,,,,,,113034,614771,253144,126572,114646,627413,258537,129269,111427,6094,251378,125689,,,,,90427,,491817,,202515,,101257,,,0.090427,0.0983633,0.101257,0.101257,,,,,,573232,313707,129269,646343,336341,999,137112,500,504798,200,252399,100,,0.662586,0.361708,0.0983633,0.101257,0.101257,0.88891,0.090427,0.393453,0.202515,0.202515,0.995956,0.090427,0.196727,0.40503,0.303772,0.995956,0.090427,0.196727,0.303772,0.40503,0.0331293,0.0444455,0.0497978,0.0497978,125,,
150,,,,,,,,,,,112842,614151,252943,126472,114613,627156,258429,129214,111387,609594,251499,125749,,,,,902739,,491321,,202355,,101177,,,0.0902739,0.0982641,0.101177,0.101177,,,,,,573063,313578,129214,646071,336663,999,137.29,500,505503,200,252751,100,,0.661714,0.361096,0.0982641,0.101177,0.101177,0.88804,0.0902739,0.393056,0.202355,0.202355,0.995043,0.0902739,0.196528,0.404709,0.303532,0.995043,0.0902739,0.196528,0.303532,0.404709,0.0330857,0.044402,0.0497522,0.0497522,125,,
151,,,,,,,,,,,11267,613631,252782,126391,114576,626894,258318,129159,111365,609861,251646,125823,,,,,90136,,490904,,202226,,101113,,,0.090136,0.0981809,0.101113,0.101113,,,,,,572879,313447,129159,645796,336985,999,137463,500,506183,200,253092,100,,0.66095,0.360544,0.0981809,0.101113,0.101113,0.887311,0.090136,0.392724,0.202226,0.202226,0.994287,0.090136,0.196362,0.404451,0.303338,0.994287,0.090136,0.196362,0.303338,0.404451,0.0330475,0.0443655,0.0497144,0.0497144,125,,
152,,,,,,,,,,,112516,613207,252659,126329,114536,626627,258207,129104,11136,610197,251817,125909,,,,,900129,,490566,,202127,,101063,,,0.0900129,0.0981131,0.101063,0.101063,,,,,,572682,313313,129104,645518,337305,999,137.63,500,506836,200,253418,100,,0.660292,0.360052,0.0981131,0.101063,0.101063,0.886719,0.0900129,0.392453,0.202127,0.202127,0.993683,0.0900129,0.196226,0.404254,0.30319,0.993683,0.0900129,0.196226,0.30319,0.404254,0.0330146,0.044336,0.0496842,0.0496842,125,,
153,,,,,,,,,,,112381,612877,252571,126286,114495,626357,258097,129048,11137,610594,252011,126006,,,,,899046,,490301,,202057,,101028,,,0.0899046,0.0980603,0.101028,0.101028,,,,,,572475,313179,129048,645241,337.62,999,137791,500,50746,200,25373,100,,0.659736,0.359618,0.0980603,0.101028,0.101028,0.886259,0.0899046,0.392241,0.202057,0.202057,0.993224,0.0899046,0.196121,0.404114,0.303085,0.993224,0.0899046,0.196121,0.303085,0.404114,0.0329868,0.044313,0.0496612,0.0496612,125,,
154,,,,,,,,,,,112263,612635,252518,126259,114452,626088,257987,128993,111395,611046,252224,126112,,,,,898107,,490108,,202014,,101007,,,0.0898107,0.0980216,0.101007,0.101007,,,,,,572.26,313044,128993,644966,337929,999,137945,500,508053,200,254026,100,,0.659279,0.359243,0.0980216,0.101007,0.101007,0.885926,0.0898107,0.392086,0.202014,0.202014,0.992904,0.0898107,0.196043,0.404029,0.303022,0.992904,0.0898107,0.196043,0.303022,0.404029,0.0329639,0.0442963,0.0496452,0.0496452,125,,
155,,,,,,,,,,,112163,612478,252497,126249,114408,62582,257878,128939,111433,611548,252454,126227,,,,,897307,,489982,,201998,,100999,,,0.0897307,0.0979965,0.100999,0.100999,,,,,,572038,312.91,128939,644695,338231,999,138092,500,508612,200,254306,100,,0.658917,0.358923,0.0979965,0.100999,0.100999,0.885712,0.0897307,0.391986,0.201998,0.201998,0.992715,0.0897307,0.195993,0.403995,0.302996,0.992715,0.0897307,0.195993,0.302996,0.403995,0.0329459,0.0442856,0.0496358,0.0496358,125,,
156,,,,,,,,,,,112081,612401,252506,126253,114362,625555,257771,128886,111484,612093,252698,126349,,,,,896644,,489921,,202005,,101003,,,0.0896644,0.0979842,0.101003,0.101003,,,,,,571812,312777,128886,644429,338524,999,138231,500,509137,200,254569,100,,0.658647,0.358658,0.0979842,0.101003,0.101003,0.885611,0.0896644,0.391937,0.202005,0.202005,0.992651,0.0896644,0.195968,0.40401,0.303008,0.992651,0.0896644,0.195968,0.303008,0.40401,0.0329324,0.0442806,0.0496325,0.0496325,125,,
157,,,,,,,,,,,112014,612399,252544,126272,114317,625294,257668,128834,111546,612675,252954,126477,,,,,896112,,489919,,202035,,101018,,,0.0896112,0.0979839,0.101018,0.101018,,,,,,571583,312647,128834,644169,338806,999,138361,500,509627,200,254813,100,,0.658464,0.358445,0.0979839,0.101018,0.101018,0.885617,0.0896112,0.391936,0.202035,0.202035,0.992703,0.0896112,0.195968,0.404071,0.303053,0.992703,0.0896112,0.195968,0.303053,0.404071,0.0329232,0.0442809,0.0496351,0.0496351,125,,
158,,,,,,,,,,,111963,612468,252608,126304,11427,625039,257567,128783,111618,613287,25322,12661,,,,,895706,,489974,,202087,,101043,,,0.0895706,0.0979949,0.101043,0.101043,,,,,,571352,312.52,128783,643917,339077,999,138483,500,51008,200,25504,100,,0.658364,0.358282,0.0979949,0.101043,0.101043,0.885723,0.0895706,0.39198,0.202087,0.202087,0.992863,0.0895706,0.19599,0.404173,0.30313,0.992863,0.0895706,0.19599,0.30313,0.404173,0.0329182,0.0442862,0.0496432,0.0496432,125,,
159,,,,,,,,,,,111928,612602,252696,126348,114224,624792,257469,128735,11.17,613926,253493,126747,,,,,89542,,490082,,202157,,101079,,,0.089542,0.0980164,0.101079,0.101079,,,,,,571122,312396,128735,643673,339336,999,138596,500,510496,200,255248,100,,0.658342,0.358168,0.0980164,0.101079,0.101079,0.885922,0.089542,0.392066,0.202157,0.202157,0.993125,0.089542,0.196033,0.404314,0.303236,0.993125,0.089542,0.196033,0.303236,0.404314,0.0329171,0.0442961,0.0496562,0.0496562,125,,
160,,,,,,,,,,,111906,612797,252807,126403,114179,624552,257376,128688,111789,614584,253772,126886,,,,,895248,,490238,,202245,,101123,,,0.0895248,0.0980476,0.101123,0.101123,,,,,,570893,312276,128688,64344,339582,999,138.7,500,510875,200,255438,100,,0.658392,0.358099,0.0980476,0.101123,0.101123,0.886206,0.0895248,0.39219,0.202245,0.202245,0.993479,0.0895248,0.196095,0.404491,0.303368,0.993479,0.0895248,0.196095,0.303368,0.404491,0.0329196,0.0443103,0.0496739,0.0496739,125,,
161,,,,,,,,,,,111898,613048,252937,126468,114134,624322,257287,128643,111886,615257,254054,127027,,,,,895184,,490438,,20235,,101175,,,0.0895184,0.0980876,0.101175,0.101175,,,,,,570668,312161,128643,643217,339814,999,138795,500,511217,200,255608,100,,0.658511,0.358074,0.0980876,0.101175,0.101175,0.886568,0.0895184,0.39235,0.20235,0.20235,0.993917,0.0895184,0.196175,0.404699,0.303524,0.993917,0.0895184,0.196175,0.303524,0.404699,0.0329255,0.0443284,0.0496959,0.0496959,125,,
162,,,,,,,,,,,111903,613348,253085,126543,114089,624101,257202,128601,111988,61594,254337,127168,,,,,895221,,490678,,202468,,101234,,,0.0895221,0.0981357,0.101234,0.101234,,,,,,570446,312051,128601,643005,340032,999,138881,500,511522,200,255761,100,,0.658692,0.358088,0.0981357,0.101234,0.101234,0.887001,0.0895221,0.392543,0.202468,0.202468,0.994432,0.0895221,0.196271,0.404936,0.303702,0.994432,0.0895221,0.196271,0.303702,0.404936,0.0329346,0.0443501,0.0497216,0.0497216,125,,
163,,,,,,,,,,,111919,613694,253249,126625,114046,623892,257122,128561,112095,616627,254619,12731,,,,,895353,,490955,,202599,,10.13,,,0.0895353,0.098191,0.1013,0.1013,,,,,,570231,311946,128561,642805,340234,999,138959,500,51179,200,255895,100,,0.658931,0.358141,0.098191,0.1013,0.1013,0.887498,0.0895353,0.392764,0.202599,0.202599,0.995015,0.0895353,0.196382,0.405199,0.303899,0.995015,0.0895353,0.196382,0.303899,0.405199,0.0329466,0.0443749,0.0497508,0.0497508,125,,
164,,,,,,,,,,,111946,61408,253427,126714,114004,623694,257047,128524,112207,617315,2549,12745,,,,,895572,,491264,,202742,,101371,,,0.0895572,0.0982528,0.101371,0.101371,,,,,,570021,311847,128524,642618,340422,999,139027,500,512023,200,256011,100,,0.659223,0.358229,0.0982528,0.101371,0.101371,0.888051,0.0895572,0.393011,0.202742,0.202742,0.995658,0.0895572,0.196506,0.405483,0.304112,0.995658,0.0895572,0.196506,0.304112,0.405483,0.0329612,0.0444026,0.0497829,0.0497829,125,,
165,,,,,,,,,,,111984,614501,253617,126808,113964,623507,256977,128489,112321,617998,255176,127588,,,,,895871,,491601,,202893,,101447,,,0.0895871,0.0983201,0.101447,0.101447,,,,,,569819,311754,128489,642443,340594,999,139086,500,51222,200,25611,100,,0.659562,0.358348,0.0983201,0.101447,0.101447,0.888654,0.0895871,0.393281,0.202893,0.202893,0.996354,0.0895871,0.19664,0.405787,0.30434,0.996354,0.0895871,0.19664,0.30434,0.405787,0.0329781,0.0444327,0.0498177,0.0498177,125,,
166,,,,,,,,,,,112031,614952,253816,126908,113925,623334,256913,128456,112438,618673,255447,127724,,,,,896244,,491962,,203053,,101527,,,0.0896244,0.0983924,0.101527,0.101527,,,,,,569626,311667,128456,642282,340.75,999,139137,500,512383,200,256192,100,,0.659943,0.358498,0.0983924,0.101527,0.101527,0.8893,0.0896244,0.393569,0.203053,0.203053,0.997095,0.0896244,0.196785,0.406106,0.30458,0.997095,0.0896244,0.196785,0.30458,0.406106,0.0329972,0.044465,0.0498547,0.0498547,125,,
167,,,,,,,,,,,112085,615429,254024,127012,113888,623172,256853,128427,112556,619336,255712,127856,,,,,896683,,492344,,203219,,10161,,,0.0896683,0.0984687,0.10161,0.10161,,,,,,569441,311586,128427,642134,340891,999,139179,500,512513,200,256257,100,,0.660361,0.358673,0.0984687,0.10161,0.10161,0.889981,0.0896683,0.393875,0.203219,0.203219,0.997873,0.0896683,0.196937,0.406438,0.304829,0.997873,0.0896683,0.196937,0.304829,0.406438,0.0330181,0.0444991,0.0498936,0.0498936,125,,
168,,,,,,,,,,,112148,615927,254238,127119,113853,623024,2568,1284,112674,619983,255968,127984,,,,,897182,,492742,,20339,,101695,,,0.0897182,0.0985484,0.101695,0.101695,,,,,,569265,311512,128.4,641999,341017,999,139214,500,512612,200,256306,100,,0.660811,0.358873,0.0985484,0.101695,0.101695,0.890692,0.0897182,0.394194,0.20339,0.20339,0.99868,0.0897182,0.197097,0.40678,0.305085,0.99868,0.0897182,0.197097,0.305085,0.40678,0.0330406,0.0445346,0.049934,0.049934,125,,
169,,,,,,,,,,,112217,616442,254456,127228,11382,622888,256751,128376,112792,620612,256215,128107,,,,,897733,,493154,,203565,,101782,,,0.0897733,0.0986307,0.101782,0.101782,,,,,,569.1,311444,128376,641878,341127,999,139.24,500,51268,200,25634,100,,0.661289,0.359093,0.0986307,0.101782,0.101782,0.891425,0.0897733,0.394523,0.203565,0.203565,0.999511,0.0897733,0.197261,0.407129,0.305347,0.999511,0.0897733,0.197261,0.305347,0.407129,0.0330644,0.0445713,0.0499756,0.0499756,125,,
170,,,,,,,,,,,112291,616969,254677,127338,113789,622766,256708,128354,112909,62122,256452,128226,,,,,89833,,493575,,203741,,101871,,,0.089833,0.098715,0.101871,0.101871,,,,,,568945,311383,128354,641769,341222,999,139259,500,51272,200,25636,100,,0.661788,0.359332,0.098715,0.101871,0.101871,0.892176,0.089833,0.39486,0.203741,0.203741,100036,0.089833,0.19743,0.407483,0.305612,100036,0.089833,0.19743,0.305612,0.407483,0.0330894,0.0446088,0.0500179,0.0500179,125,,
171,,,,,,,,,,,112371,617503,254899,12745,11376,622657,25667,128335,113024,621803,256677,128339,,,,,898966,,494003,,203919,,10196,,,0.0898966,0.0988005,0.10196,0.10196,,,,,,568.8,311328,128335,641674,341303,999,139271,500,512732,200,256366,100,,0.662306,0.359586,0.0988005,0.10196,0.10196,0.892937,0.0898966,0.395202,0.203919,0.203919,100121,0.0898966,0.197601,0.407838,0.305879,100121,0.0898966,0.197601,0.305879,0.407838,0.0331153,0.0446469,0.0500607,0.0500607,125,,
172,,,,,,,,,,,112454,618042,255121,12756,113733,62256,256637,128318,113136,622361,256891,128446,,,,,899634,,494434,,204097,,102048,,,0.0899634,0.0988868,0.102048,0.102048,,,,,,568667,311.28,128318,641592,341.37,999,139277,500,512719,200,256359,100,,0.662837,0.359853,0.0988868,0.102048,0.102048,0.893704,0.0899634,0.395547,0.204097,0.204097,100208,0.0899634,0.197774,0.408194,0.306145,100208,0.0899634,0.197774,0.306145,0.408194,0.0331418,0.0446852,0.0501038,0.0501038,125,,
173,,,,,,,,,,,112541,618582,255341,127671,113709,622476,256609,128305,113246,62289,257093,128547,,,,,900328,,494865,,204273,,102136,,,0.0900328,0.0989731,0.102136,0.102136,,,,,,568544,311238,128305,641523,341423,999,139276,500,512682,200,256341,100,,0.663377,0.360131,0.0989731,0.102136,0.102136,0.894471,0.0900328,0.395892,0.204273,0.204273,100293,0.0900328,0.197946,0.408546,0.306409,100293,0.0900328,0.197946,0.306409,0.408546,0.0331689,0.0447236,0.0501467,0.0501467,125,,
174,,,,,,,,,,,11263,619118,255558,127779,113687,622404,256586,128293,113352,623389,257282,128641,,,,,901042,,495295,,204447,,102223,,,0.0901042,0.0990589,0.102223,0.102223,,,,,,568433,311202,128293,641465,341463,999,139269,500,512623,200,256311,100,,0.663922,0.360417,0.0990589,0.102223,0.102223,0.895233,0.0901042,0.396236,0.204447,0.204447,100379,0.0901042,0.198118,0.408894,0.30667,100379,0.0901042,0.198118,0.30667,0.408894,0.0331961,0.0447617,0.0501893,0.0501893,125,,
175,,,,,,,,,,,112721,619648,255772,127886,113667,622344,256568,128284,113455,623858,257457,128728,,,,,90177,,495719,,204617,,102309,,,0.090177,0.0991438,0.102309,0.102309,,,,,,568333,311172,128284,64142,341.49,999,139256,500,512543,200,256272,100,,0.664469,0.360708,0.0991438,0.102309,0.102309,0.895987,0.090177,0.396575,0.204617,0.204617,100463,0.090177,0.198288,0.409235,0.306926,100463,0.090177,0.198288,0.306926,0.409235,0.0332235,0.0447993,0.0502313,0.0502313,125,,
176,,,,,,,,,,,112813,62017,255979,12799,113649,622296,256554,128277,113553,624294,257618,128809,,,,,902507,,496136,,204784,,102392,,,0.0902507,0.0992271,0.102392,0.102392,,,,,,568244,311148,128277,641386,341505,999,139238,500,512445,200,256223,100,,0.665013,0.361003,0.0992271,0.102392,0.102392,0.896726,0.0902507,0.396908,0.204784,0.204784,100545,0.0902507,0.198454,0.409567,0.307175,100545,0.0902507,0.198454,0.307175,0.409567,0.0332507,0.0448363,0.0502724,0.0502724,125,,
177,,,,,,,,,,,112906,620679,256181,128091,113633,622259,256545,128272,113646,624697,257766,128883,,,,,903247,,496543,,204945,,102472,,,0.0903247,0.0993086,0.102472,0.102472,,,,,,568166,311.13,128272,641362,341509,999,139216,500,512331,200,256165,100,,0.665552,0.361299,0.0993086,0.102472,0.102472,0.897449,0.0903247,0.397234,0.204945,0.204945,100625,0.0903247,0.198617,0.40989,0.307417,100625,0.0903247,0.198617,0.307417,0.40989,0.0332776,0.0448724,0.0503124,0.0503124,125,,
178,,,,,,,,,,,112998,621173,256375,128188,11362,622233,25654,12827,113735,625067,2579,12895,,,,,903986,,496939,,20.51,,10255,,,0.0903986,0.0993877,0.10255,0.10255,,,,,,568099,311116,128.27,641349,341503,999,139.19,500,512202,200,256101,100,,0.666082,0.361594,0.0993877,0.10255,0.10255,0.89815,0.0903986,0.397551,0.2051,0.2051,100703,0.0903986,0.198775,0.410201,0.307651,100703,0.0903986,0.198775,0.307651,0.410201,0.0333041,0.0449075,0.0503513,0.0503513,125,,
179,,,,,,,,,,,11309,621651,256562,128281,113608,622216,256538,128269,113818,625403,25802,12901,,,,,904718,,497321,,20525,,102625,,,0.0904718,0.0994642,0.102625,0.102625,,,,,,568042,311108,128269,641345,341487,999,139.16,500,512059,200,25603,100,,0.666601,0.361887,0.0994642,0.102625,0.102625,0.898828,0.0904718,0.397857,0.20525,0.20525,100777,0.0904718,0.198928,0.410499,0.307874,100777,0.0904718,0.198928,0.307874,0.410499,0.0333301,0.0449414,0.0503887,0.0503887,125,,
180,,,,,,,,,,,11318,622111,25674,12837,113599,62221,25654,12827,113895,625705,258126,129063,,,,,90544,,497688,,205392,,102696,,,0.090544,0.0995377,0.102696,0.102696,,,,,,567995,311105,128.27,641351,341461,999,139126,500,511906,200,255953,100,,0.667106,0.362176,0.0995377,0.102696,0.102696,0.899478,0.090544,0.398151,0.205392,0.205392,100849,0.090544,0.199075,0.410784,0.308088,100849,0.090544,0.199075,0.308088,0.410784,0.0333553,0.0449739,0.0504245,0.0504245,125,,
181,,,,,,,,,,,113268,622549,256908,128454,113592,622212,256546,128273,113967,625974,258219,129109,,,,,906148,,49804,,205527,,102763,,,0.0906148,0.0996079,0.102763,0.102763,,,,,,567958,311106,128273,641365,341428,999,139.09,500,511743,200,255871,100,,0.667594,0.362459,0.0996079,0.102763,0.102763,0.9001,0.0906148,0.398432,0.205527,0.205527,100917,0.0906148,0.199216,0.411053,0.30829,100917,0.0906148,0.199216,0.30829,0.411053,0.0333797,0.045005,0.0504587,0.0504587,125,,
182,,,,,,,,,,,113355,622966,257067,128534,113586,622223,256555,128277,114034,62621,258298,129149,,,,,906837,,498373,,205654,,102827,,,0.0906837,0.0996746,0.102827,0.102827,,,,,,567.93,311112,128277,641387,341386,999,139051,500,511572,200,255786,100,,0.668063,0.362735,0.0996746,0.102827,0.102827,0.90069,0.0906837,0.398698,0.205654,0.205654,100982,0.0906837,0.199349,0.411308,0.308481,100982,0.0906837,0.199349,0.308481,0.411308,0.0334032,0.0450345,0.0504911,0.0504911,125,,
183,,,,,,,,,,,113438,62336,257216,128608,113582,622242,256566,128283,114094,626413,258364,129182,,,,,907505,,498688,,205773,,102886,,,0.0907505,0.0997376,0.102886,0.102886,,,,,,567911,311121,128283,641416,341338,999,139.01,500,511395,200,255697,100,,0.668512,0.363002,0.0997376,0.102886,0.102886,0.901246,0.0907505,0.39895,0.205773,0.205773,101043,0.0907505,0.199475,0.411546,0.308659,101043,0.0907505,0.199475,0.308659,0.411546,0.0334256,0.0450623,0.0505215,0.0505215,125,,
184,,,,,,,,,,,113519,623729,257354,128677,11358,622268,256581,12829,114149,626584,258418,129209,,,,,908149,,498983,,205883,,102942,,,0.0908149,0.0997967,0.102942,0.102942,,,,,,567901,311134,128.29,641452,341284,999,138968,500,511213,200,255606,100,,0.66894,0.363259,0.0997967,0.102942,0.102942,0.901768,0.0908149,0.399187,0.205883,0.205883,1011,0.0908149,0.199593,0.411767,0.308825,1011,0.0908149,0.199593,0.308825,0.411767,0.033447,0.0450884,0.05055,0.05055,125,,
185,,,,,,,,,,,113596,624073,257482,128741,11358,6223,256597,128299,114198,626724,25846,12923,,,,,908765,,499259,,205985,,102993,,,0.0908765,0.0998517,0.102993,0.102993,,,,,,567899,311.15,128299,641493,341225,999,138924,500,511028,200,255514,100,,0.669343,0.363506,0.0998517,0.102993,0.102993,0.902254,0.0908765,0.399407,0.205985,0.205985,101153,0.0908765,0.199703,0.411971,0.308978,101153,0.0908765,0.199703,0.308978,0.411971,0.0334672,0.0451127,0.0505765,0.0505765,125,,
186,,,,,,,,,,,113669,624392,257599,128799,113581,622338,256616,128308,114242,626835,25849,129245,,,,,909353,,499513,,206079,,103039,,,0.0909353,0.0999027,0.103039,0.103039,,,,,,567904,311169,128308,64154,341161,999,138879,500,510841,200,25542,100,,0.669723,0.363741,0.0999027,0.103039,0.103039,0.902704,0.0909353,0.399611,0.206079,0.206079,101202,0.0909353,0.199805,0.412158,0.309118,101202,0.0909353,0.199805,0.309118,0.412158,0.0334861,0.0451352,0.0506009,0.0506009,125,,
187,,,,,,,,,,,113739,624684,257705,128852,113583,622382,256637,128318,114279,626917,258509,129254,,,,,90991,,499747,,206164,,103082,,,0.090991,0.0999495,0.103082,0.103082,,,,,,567916,311191,128318,641591,341093,999,138834,500,510653,200,255327,100,,0.670077,0.363964,0.0999495,0.103082,0.103082,0.903116,0.090991,0.399798,0.206164,0.206164,101246,0.090991,0.199899,0.412327,0.309246,101246,0.090991,0.199899,0.309246,0.412327,0.0335039,0.0451558,0.0506231,0.0506231,125,,
188,,,,,,,,,,,113804,62495,2578,1289,113587,62243,256659,128329,114311,626972,258517,129259,,,,,910434,,49996,,20624,,10312,,,0.0910434,0.099992,0.10312,0.10312,,,,,,567935,311215,128329,641647,341022,999,138789,500,510467,200,255233,100,,0.670405,0.364173,0.099992,0.10312,0.10312,0.903491,0.0910434,0.399968,0.20624,0.20624,101287,0.0910434,0.199984,0.41248,0.30936,101287,0.0910434,0.199984,0.30936,0.41248,0.0335203,0.0451746,0.0506433,0.0506433,125,,
189,,,,,,,,,,,113865,62519,257884,128942,113592,622483,256682,128341,114338,627002,258516,129258,,,,,910924,,500152,,206307,,103154,,,0.0910924,0.10003,0.103154,0.103154,,,,,,567.96,311241,128341,641705,340948,999,138744,500,510282,200,255141,100,,0.670707,0.364369,0.10003,0.103154,0.103154,0.903828,0.0910924,0.400121,0.206307,0.206307,101323,0.0910924,0.200061,0.412615,0.309461,101323,0.0910924,0.200061,0.309461,0.412615,0.0335354,0.0451914,0.0506614,0.0506614,125,,
190,,,,,,,,,,,113922,625403,257958,128979,113598,622538,256707,128353,11436,627007,258506,129253,,,,,911379,,500323,,206366,,103183,,,0.0911379,0.100065,0.103183,0.103183,,,,,,567989,311269,128353,641767,340873,999,138699,500,51.01,200,25505,100,,0.670982,0.364551,0.100065,0.103183,0.103183,0.904128,0.0911379,0.400258,0.206366,0.206366,101355,0.0911379,0.200129,0.412733,0.309549,101355,0.0911379,0.200129,0.309549,0.412733,0.0335491,0.0452064,0.0506774,0.0506774,125,,
191,,,,,,,,,,,113975,625591,258021,129011,113605,622597,256732,128366,114376,626989,258487,129243,,,,,911798,,500473,,206417,,103208,,,0.0911798,0.100095,0.103208,0.103208,,,,,,568024,311298,128366,64183,340796,999,138654,500,509923,200,254961,100,,0.671231,0.364719,0.100095,0.103208,0.103208,0.904392,0.0911798,0.400378,0.206417,0.206417,101383,0.0911798,0.200189,0.412834,0.309625,101383,0.0911798,0.200189,0.309625,0.412834,0.0335615,0.0452196,0.0506914,0.0506914,125,,
192,,,,,,,,,,,114023,625753,258074,129037,113613,622658,256758,128379,114388,62695,25846,12923,,,,,912182,,500602,,206459,,10323,,,0.0912182,0.10012,0.10323,0.10323,,,,,,568063,311329,128379,641895,340719,999,138611,500,50975,200,254875,100,,0.671453,0.364873,0.10012,0.10323,0.10323,0.904619,0.0912182,0.400482,0.206459,0.206459,101407,0.0912182,0.200241,0.412919,0.309689,101407,0.0912182,0.200241,0.309689,0.412919,0.0335726,0.0452309,0.0507034,0.0507034,125,,
193,,,,,,,,,,,114066,62589,258118,129059,113621,622721,256785,128392,114395,626891,258426,129213,,,,,912529,,500712,,206494,,103247,,,0.0912529,0.100142,0.103247,0.103247,,,,,,568106,311.36,128392,641962,340641,999,138568,500,509582,200,254791,100,,0.671648,0.365012,0.100142,0.103247,0.103247,0.904811,0.0912529,0.40057,0.206494,0.206494,101427,0.0912529,0.200285,0.412988,0.309741,101427,0.0912529,0.200285,0.309741,0.412988,0.0335824,0.0452406,0.0507134,0.0507134,125,,
194,,,,,,,,,,,114105,626003,258152,129076,11363,622785,256811,128406,114398,626815,258386,129193,,,,,912841,,500803,,206521,,103261,,,0.0912841,0.100161,0.103261,0.103261,,,,,,568152,311392,128406,642029,340564,999,138527,500,509422,200,254711,100,,0.671818,0.365136,0.100161,0.103261,0.103261,0.904969,0.0912841,0.400642,0.206521,0.206521,101443,0.0912841,0.200321,0.413043,0.309782,101443,0.0912841,0.200321,0.309782,0.413043,0.0335909,0.0452484,0.0507215,0.0507215,125,,
195,,,,,,,,,,,11414,626093,258177,129088,11364,622849,256838,128419,114397,626723,25834,12917,,,,,913116,,500875,,206541,,103271,,,0.0913116,0.100175,0.103271,0.103271,,,,,,568201,311425,128419,642096,340488,999,138488,500,509268,200,254634,100,,0.671963,0.365246,0.100175,0.103271,0.103271,0.905094,0.0913116,0.4007,0.206541,0.206541,101456,0.0913116,0.20035,0.413082,0.309812,101456,0.0913116,0.20035,0.309812,0.413082,0.0335981,0.0452547,0.0507278,0.0507278,125,,
196,,,,,,,,,,,11417,626161,258193,129096,11365,622914,256865,128432,114393,626616,258289,129145,,,,,913357,,500929,,206554,,103277,,,0.0913357,0.100186,0.103277,0.103277,,,,,,568252,311457,128432,642162,340413,999,138.45,500,509121,200,254561,100,,0.672083,0.365343,0.100186,0.103277,0.103277,0.905187,0.0913357,0.400743,0.206554,0.206554,101465,0.0913357,0.200372,0.413108,0.309831,101465,0.0913357,0.200372,0.309831,0.413108,0.0336041,0.0452594,0.0507323,0.0507323,125,,
197,,,,,,,,,,,114195,626208,258201,1291,113661,622979,256891,128446,114384,626496,258234,129117,,,,,913563,,500966,,206561,,10328,,,0.0913563,0.100193,0.10328,0.10328,,,,,,568305,311489,128446,642228,340339,999,138414,500,508983,200,254491,100,,0.672179,0.365425,0.100193,0.10328,0.10328,0.90525,0.0913563,0.400773,0.206561,0.206561,10147,0.0913563,0.200386,0.413121,0.309841,10147,0.0913563,0.200386,0.309841,0.413121,0.0336089,0.0452625,0.0507352,0.0507352,125,,
198,,,,,,,,,,,114217,626234,258201,129101,113672,623043,256917,128459,114373,626365,258175,129087,,,,,913735,,500987,,206561,,10328,,,0.0913735,0.100197,0.10328,0.10328,,,,,,568359,311522,128459,642293,340268,999,138.38,500,508853,200,254426,100,,0.672252,0.365494,0.100197,0.10328,0.10328,0.905285,0.0913735,0.40079,0.206561,0.206561,101473,0.0913735,0.200395,0.413122,0.309841,101473,0.0913735,0.200395,0.309841,0.413122,0.0336126,0.0452642,0.0507366,0.0507366,125,,
199,,,,,,,,,,,114234,626241,258194,129097,113683,623106,256943,128471,114359,626225,258112,129056,,,,,913875,,500993,,206555,,103278,,,0.0913875,0.100199,0.103278,0.103278,,,,,,568413,311553,128471,642357,340199,999,138348,500,508732,200,254366,100,,0.672304,0.36555,0.100199,0.103278,0.103278,0.905293,0.0913875,0.400794,0.206555,0.206555,101473,0.0913875,0.200397,0.413111,0.309833,101473,0.0913875,0.200397,0.309833,0.413111,0.0336152,0.0452646,0.0507364,0.0507364,125,,
200,,,,,,,,,,,114248,62623,258181,12909,113694,623168,256967,128484,114342,626076,258047,129024,,,,,913984,,500984,,206545,,103272,,,0.0913984,0.100197,0.103272,0.103272,,,,,,568469,311584,128484,642418,340133,999,138317,500,508619,200,25431,100,,0.672335,0.365594,0.100197,0.103272,0.103272,0.905275,0.0913984,0.400787,0.206545,0.206545,10147,0.0913984,0.200394,0.413089,0.309817,10147,0.0913984,0.200394,0.309817,0.413089,0.0336168,0.0452637,0.0507349,0.0507349,125,,
